<?xml version="1.0" encoding="UTF-8"?>
<monster name="Abomination Fury" nameDescription="a Abomination Fury" race="venom" experience="30000" speed="820" manacost="0">
<health now="31300" max="31300"/>
<look type="359" corpse="6068"/>
<targetchange interval="5000" chance="12"/>
<strategy attack="100" defense="0"/>
<script>
<event name="critical"/>
</script>
<flags>
<flag summonable="0"/>
<flag attackable="1"/>
<flag hostile="1"/>
<flag illusionable="1"/>
<flag convinceable="0"/>
<flag pushable="0"/>
<flag canpushitems="1"/>
<flag canpushcreatures="0"/>
<flag targetdistance="1"/>
<flag staticattack="90"/>
<flag runonhealth="0"/>
</flags>
<attacks>
<attack name="melee" interval="2000" skill="100" attack="150"/>
<attack name="death" interval="1000" chance="11" length="8" spread="0" min="-350" max="-550">
<attribute key="areaEffect" value="mortarea"/>
</attack>
<attack name="poisoncondition" interval="1000" chance="11" length="8" spread="3" min="-400" max="-550">
<attribute key="areaEffect" value="poison"/>
</attack>
<attack name="physical" interval="1000" chance="8" radius="6" target ="0" min="-350" max="-555">
<attribute key="areaEffect" value="groundshaker"/>
</attack>
<attack name="fire" interval="1000" chance="10" radius="7" target="1" min="-350" max="-500">
<attribute key="areaEffect" value="firearea"/>
</attack>
</attacks>
<defenses armor="16" defense="19"/>
<elements>
<element physicalPercent="1"/>
<element holyPercent="1"/>
<element deathPercent="10"/>
<element firePercent="-1"/>
<element energyPercent="-1"/>
<element icePercent="15"/>
<element earthPercent="1"/>
</elements>
<immunities>
<immunity invisible="1"/>
</immunities>
<voices interval="5000" chance="10">
<voice sentence="Zrp zrp!"/>
</voices>
</monster>