<?xml version="1.0" encoding="UTF-8"?>
<monster name="Draken Abomination" nameDescription="a Draken Abomination" race="venom" experience="6500" speed="920" manacost="0">
<health now="36250" max="36250"/>
<look type="357" corpse="6068"/>
<targetchange interval="5000" chance="12"/>
<strategy attack="100" defense="0"/>
<flags>
<flag summonable="0"/>
<flag attackable="1"/>
<flag hostile="1"/>
<flag illusionable="1"/>
<flag convinceable="0"/>
<flag pushable="0"/>
<flag canpushitems="1"/>
<flag canpushcreatures="0"/>
<flag targetdistance="1"/>
<flag staticattack="90"/>
<flag runonhealth="0"/>
</flags>
<attacks>
<attack name="melee" interval="2000" min="-500" max="-1000"/>
<attack name="melee" interval="1500" chance="40" range="7" radius="6" target="0" min="-850" max="-890">
<attribute key="areaEffect" value="blackspark"/>
</attack>
<attack name="melee" interval="1000" chance="34" range="7" radius="1" target="1" min="-720" max="-750">
<attribute key="shootEffect" value="whirlwindsword"/>
<attribute key="areaEffect" value="redspark"/>
</attack>
<attack name="energy" interval="1900" chance="30" length="8" spread="0" min="-700" max="-1000">
<attribute key="areaEffect" value="mortarea"/>
</attack>
<attack name="physical" interval="1300" chance="20" range="14" radius="5" target="0" min="-500" max="-780">
<attribute key="areaEffect" value="poff"/>
</attack>
<attack name="physical" interval="1500" chance="15" range="7" radius="13" target="0" min="-500" max="-550">
<attribute key="areaEffect" value="yellowspark"/>
</attack>
<attack name="physical" interval="2000" chance="18" radius="14" target="0" min="-500" max="-700">
<attribute key="areaEffect" value="bluebubble"/>
</attack>
<attack name="melee" interval="1900" chance="15" range="7" radius="4" target="0" min="-600" max="-850">
<attribute key="areaEffect" value="energyarea"/>
</attack>
</attacks>
<defenses armor="16" defense="19"/>
<elements>
<element physicalPercent="1"/>
<element holyPercent="1"/>
<element deathPercent="10"/>
<element firePercent="-1"/>
<element energyPercent="-1"/>
<element icePercent="15"/>
<element earthPercent="1"/>
</elements>
<immunities>
<immunity invisible="1"/>
</immunities>
<voices interval="5000" chance="10">
<voice sentence="Zrp zrp!"/>
</voices>
<loot>
<item id="2148" count="100" chance="100000"/> 
	<item id="2148" count="50" chance="100000"/>
	<item id="2152" countmax="6" chance1="80000" chancemax="10000"/> 
	<item id="2144" countmax="28" chance1="7777"/> 
	<item id="2514" chance="4500"/> 
	<item id="2171" chance="12222"/>
	<item id="1987" chance="100000">
		<inside>
			<item id="2151" countmax="13" chance1="6500" chancemax="0"/> 
			<item id="2470" chance="6555"/> 
			<item id="2432" chance="8200"/> 
		</inside>
	</item>
</loot>
</monster>