<?xml version="1.0" encoding="UTF-8"?>
<monster name="Green Phantom" nameDescription="a Green Phantom" race="undead" experience="500000" speed="870" manacost="0">
  <health now="500600" max="500600"/>
  <look type="133" body="0" feet="78" head="59"  legs="48"  addons="3" corpse="6080"/>
  <targetchange interval="5000" chance="10"/>
  <strategy attack="100" defense="0"/>
  <flags>
    <flag summonable="0"/>
    <flag attackable="1"/>
    <flag hostile="1"/>
    <flag illusionable="0"/>
    <flag convinceable="0"/>
    <flag pushable="0"/>
    <flag canpushitems="1"/>
    <flag canpushcreatures="1"/>
    <flag targetdistance="1"/>
    <flag staticattack="90"/>
    <flag runonhealth="0"/>
  </flags>
  <attacks>
  	<attack name="melee" interval="2000" skill="75" attack="90"/>
	<attack name="death" interval="2000" chance="12" target="1" radius="4" min="-500" max="-800">
		<attribute key="areaEffect" value="mortarea"/>
		<attribute key="shootEffect" value="suddendeath"/>
	</attack>
	<attack name="melee" interval="2000" skill="80" attack="100"/>
<attack name="manadrain" interval="1000" chance="10" radius="8" target="0" min="-600" max="-700">
	<attribute key="areaEffect" value="greenshimmer"/>
</attack>
<attack name="lifedrain" interval="1000" chance="15" length="8" spread="0" min="-700" max="-850">
	<attribute key="areaEffect" value="redshimmer"/>
</attack>
<attack name="energy" interval="1900" chance="30" length="8" spread="0" min="-600" max="-800">
<attribute key="areaEffect" value="mortarea"/>
</attack>
<attack name="physical" interval="1300" chance="20" range="14" radius="5" target="0" min="-700" max="-880">
<attribute key="areaEffect" value="poff"/>
</attack>
<attack name="melee" interval="1900" chance="15" range="7" radius="4" target="0" min="-800" max="-1150">
<attribute key="areaEffect" value="energyarea"/>
</attack>
<attack name="melee" interval="1500" chance="40" range="7" radius="6" target="0" min="-750" max="-990">
<attribute key="areaEffect" value="blackspark"/>
</attack>
<attack name="outfit" interval="1000" chance="15" radius="8" target="0" monster="Alucard" duration="5000">
			<attribute key="areaEffect" value="bluebubble"/>
		</attack>
<attack name="outfit" interval="1000" chance="20" radius="8" target="0" monster="Dark Magician" duration="5000">
			<attribute key="areaEffect" value="bluebubble"/>
		</attack>
  </attacks>
  <defenses armor="38" defense="35">
    <defense name="healing" interval="1000" chance="12" min="100" max="300">
      <attribute key="areaEffect" value="blueshimmer"/>
    </defense>
	<defense name="invisible" interval="4000" chance="10" duration="4000">
      <attribute key="areaEffect" value="blueshimmer"/>
    </defense>
  </defenses>
	<elements>
		<element phyisicalPercent="20"/>
		<element holyPercent="-15"/>
		<element firePercent="-10"/>
	</elements>
  <immunities>
    <immunity lifedrain="1"/>
    <immunity death="1"/>
    <immunity invisible="1"/>
  </immunities>
  <voices interval="5000" chance="10">
    <voice sentence="BU!"/>
  </voices>
<loot>
<item id="6527" countmax="25" chance="70000"/><!-- event coins -->
<item id="9971" countmax="4" chance="50000"/><!-- dinheiro -->
</loot>
</monster>