<?xml version="1.0" encoding="UTF-8"?>
<monster name="Living Plant" nameDescription="a Living Plant" race="venom" experience="31900" speed="920" manacost="0">
<health now="31300" max="31300"/>
<look type="365" corpse="6068"/>
<targetchange interval="5000" chance="12"/>
<strategy attack="100" defense="0"/>
<flags>
<flag summonable="0"/>
<flag attackable="1"/>
<flag hostile="1"/>
<flag illusionable="1"/>
<flag convinceable="0"/>
<flag pushable="0"/>
<flag canpushitems="1"/>
<flag canpushcreatures="0"/>
<flag targetdistance="1"/>
<flag staticattack="90"/>
<flag runonhealth="0"/>
</flags>
<attacks>
<attack name="melee" interval="1000" skill="130" attack="136"/>
<attack name="poison" interval="1000" chance="12" range="1" radius="1" target="1" min="-750" max="-1105">
<attribute key="areaEffect" value="poison"/>
</attack>
<attack name="fire" interval="1000" chance="34" range="7" radius="7" target="1" min="-700" max="-850">
			<attribute key="shootEffect" value="fire"/>
			<attribute key="areaEffect" value="firearea"/>
</attack>
<attack name="lifedrain" interval="1000" chance="13" radius="8" target="0" min="-600" max="-1000">
			<attribute key="areaEffect" value="bluebubble"/>
</attack>
<attack name="fire" interval="1000" chance="10" length="7" spread="0" min="-650" max="-900">
        <attribute key="areaEffect" value="explosion"/>
</attack>
<attack name="death" interval="1000" chance="12" target="1" radius="4" min="-800" max="-1000">
		<attribute key="areaEffect" value="mortarea"/>
		<attribute key="shootEffect" value="suddendeath"/>
</attack>		
</attacks>
<defenses armor="16" defense="19"/>
<elements>
<element physicalPercent="1"/>
<element holyPercent="1"/>
<element deathPercent="10"/>
<element firePercent="-1"/>
<element energyPercent="-1"/>
<element icePercent="15"/>
<element earthPercent="1"/>
</elements>
<immunities>
<immunity invisible="1"/>
</immunities>
<voices interval="5000" chance="10">
<voice sentence="Zrp zrp!"/>
</voices>
</monster>