<?xml version="1.0" encoding="UTF-8"?>
<monster name="Purple Turtle" nameDescription="a Purple Turtle" race="venom" experience="30000" speed="820" manacost="0">
<health now="40300" max="40300"/>
<look type="361" corpse="6068"/>
<targetchange interval="5000" chance="12"/>
<strategy attack="100" defense="0"/>
<flags>
<flag summonable="0"/>
<flag attackable="1"/>
<flag hostile="1"/>
<flag illusionable="1"/>
<flag convinceable="0"/>
<flag pushable="0"/>
<flag canpushitems="1"/>
<flag canpushcreatures="0"/>
<flag targetdistance="1"/>
<flag staticattack="90"/>
<flag runonhealth="0"/>
</flags>
<attacks>
<attack name="melee" interval="1800" skill="100" attack="136"/>
<attack name="poison" interval="1000" chance="12" range="1" radius="1" target="1" min="-850" max="-1005">
<attribute key="areaEffect" value="poison"/>
</attack>
<attack name="physical" interval="1500" chance="15" range="7" radius="13" target="0" min="-500" max="-650">
<attribute key="areaEffect" value="yellowspark"/>
</attack>
<attack name="drowncondition" interval="1000" chance="8" radius="4" target="1" max="-800">
			<attribute key="areaEffect" value="bluebubble"/>
</attack>
<attack name="fire" interval="1000" chance="34" range="7" radius="7" target="1" min="-700" max="-950">
			<attribute key="shootEffect" value="fire"/>
			<attribute key="areaEffect" value="firearea"/>
</attack>
</attacks>
<defenses armor="16" defense="19"/>
<elements>
<element physicalPercent="1"/>
<element holyPercent="1"/>
<element deathPercent="10"/>
<element firePercent="-1"/>
<element energyPercent="-1"/>
<element icePercent="15"/>
<element earthPercent="1"/>
</elements>
<immunities>
<immunity invisible="1"/>
</immunities>
<voices interval="5000" chance="10">
<voice sentence="Zrp zrp!"/>
</voices>
 <loot>
	<item id="2148" countmax="100" chance1="80000" chancemax="8"/>
	<item id="2148" countmax="100" chance1="80000" chancemax="10"/>
	<item id="2160" countmax="3" chance1="100000" chancemax="0"/>
	<item id="2143" countmax="7" chance1="3000" chancemax="0"/> --White pearl
	<item id="2514" chance="1650"/> --mastermind shield
	<item id="7590" chance="7000"/> --great mana potion
	<item id="7591" chance="7000"/> --great health potion
	<item id="1987" chance="100000">
		<inside>
			<item id="7431" chance="1400"/> --Demonbone
			<item id="2421" chance="1100"/> --thunder hammer
			<item id="5947" chance="50100"/> --elane crossbow
			<item id="7368" countmax="25" chance="100000"/> --stars
		</inside>
	</item>
  </loot>
</monster>