﻿<?xml version="1.0" encoding="UTF-8"?>
<monster name="Rainbow Morgaroth" nameDescription="a Rainbow Morgaroth" race="blood" experience="4" speed="500" manacost="0">
<health now="80000" max="80000"/>
<look type="12" head="20" body="30" legs="114" feet="50" corpse="5527"/>
<targetchange interval="5000" chance="8"/>
<strategy attack="100" defense="0"/>
<flags>
<flag summonable="0"/>
<flag attackable="1"/>
<flag hostile="1"/>
<flag illusionable="0"/>
<flag convinceable="0"/>
<flag pushable="0"/>
<flag canpushitems="1"/>
<flag canpushcreatures="1"/>
<flag targetdistance="0"/>
<flag staticattack="90"/>
<flag runonhealth="0"/>
</flags>
<attacks>
<attack name="melee" interval="2000" skill="30" attack="40" poison="90"/>
<attack name="lifedrain" interval="1000" chance="20" range="1" min="-60" max="-100">
<attribute key="areaEffect" value="redspark"/>
</attack>
<attack name="poison" interval="3000" chance="17" range="7" min="-35" max="-1500">
<attribute key="shootEffect" value="poison"/>
<attribute key="areaEffect" value="poison"/>
</attack>
</attacks>
<defenses armor="20" defense="20">
<defense name="healing" interval="1000" chance="25" min="42" max="300">
<attribute key="areaEffect" value="blueshimmer"/>
</defense>
<defense name="outfit" interval="1" chance="50" monster="ghazbaran" duration="6000">
<attribute key="areaEffect" value="blueshimmer"/>
</defense>
<defense name="outfit" interval="1" chance="50" monster="Undead Morgaroth" duration="6000">
<attribute key="areaEffect" value="blueshimmer"/>
</defense>
<defense name="outfit" interval="1" chance="50" monster="Swamp Morgaroth" duration="6000">
<attribute key="areaEffect" value="blueshimmer"/>
</defense>
<defense name="outfit" interval="1" chance="50" monster="Morgaroth Girl" duration="6000">
<attribute key="areaEffect" value="blueshimmer"/>
</defense>
</defenses>
<elements>
<element earthPercent="100"/>
<element energyPercent="20"/>
<element icePercent="10"/>
<element deathPercent="10"/>
<element physicalPercent="-15"/>
<element firePercent="-5"/>
<element holyPercent="-5"/>
</elements>
<immunities>
<immunity invisible="1"/>
</immunities>
<loot capacity="5000">
<item id="2349" countmax="1" chance="1200500"/>
</loot>
</monster> 