<?xml version="1.0" encoding="UTF-8"?>
<monster name="Snake God Essence" nameDescription="a Snake God Essence" race="venom" experience="11000" speed="920" manacost="0">
<health now="30000" max="30000"/>
<look type="356" corpse="6068"/>
<targetchange interval="5000" chance="12"/>
<strategy attack="100" defense="0"/>
<flags>
<flag summonable="0"/>
<flag attackable="1"/>
<flag hostile="1"/>
<flag illusionable="1"/>
<flag convinceable="0"/>
<flag pushable="0"/>
<flag canpushitems="1"/>
<flag canpushcreatures="0"/>
<flag targetdistance="1"/>
<flag staticattack="90"/>
<flag runonhealth="0"/>
</flags>
<attacks>
<attack name="melee" interval="1000" skill="80" attack="90"/>
<attack name="poison" interval="1000" chance="12" range="1" radius="1" target="1" min="-400" max="-750">
<attribute key="areaEffect" value="poison"/>
</attack>
<attack name="fire" interval="1000" chance="34" range="7" radius="7" target="1" min="-300" max="-700">
			<attribute key="shootEffect" value="fire"/>
			<attribute key="areaEffect" value="firearea"/>
</attack>
<attack name="lifedrain" interval="1000" chance="13" radius="8" target="0" min="-300" max="-400">
			<attribute key="areaEffect" value="bluebubble"/>
</attack>
<attack name="fire" interval="1000" chance="10" length="7" spread="0" min="-300" max="-400">
        <attribute key="areaEffect" value="explosion"/>
</attack>
<attack name="death" interval="1000" chance="12" target="1" radius="4" min="-400" max="-500">
		<attribute key="areaEffect" value="mortarea"/>
		<attribute key="shootEffect" value="suddendeath"/>
</attack>		
</attacks>
<defenses armor="16" defense="19"/>
<elements>
<element physicalPercent="1"/>
<element holyPercent="1"/>
<element deathPercent="10"/>
<element firePercent="-1"/>
<element energyPercent="-1"/>
<element icePercent="15"/>
<element earthPercent="1"/>
</elements>
<immunities>
<immunity invisible="1"/>
</immunities>
<voices interval="5000" chance="10">
<voice sentence="Zrp zrp!"/>
</voices>
<loot> 
     <item id="2160" countmax="10" chance="35000"/>
    <item id="2148" countmax="71" chance="40000"/>	-- gold coin
    <item id="2146" countmax="1" chance="10000"/>	-- small saphire
    <item id="2666" countmax="4" chance="20000"/>	-- meat
    <item id="2214" chance="10000"/>			-- ring of healing
    <item id="7391" chance="1200"/>			-- Thaian Sword
    <item id="1987" chance="100000">
      <inside>
        <item id="2672" countmax="3" chance="20000"/>	-- dragon ham
		<item id="7888" chance="3100"/>	        -- Glacier amulet
		<item id="8887" chance="1500"/>			-- Frozen Plate		
      </inside>
    </item>
</loot>
</monster>