<?xml version="1.0" encoding="UTF-8"?>
<monster name="Souleater" nameDescription="a Souleater" race="venom" experience="21300" speed="620" manacost="0">
<health now="21100" max="21100"/>
<look type="355" corpse="6068"/>
<targetchange interval="5000" chance="12"/>
<strategy attack="100" defense="0"/>
<flags>
<flag summonable="0"/>
<flag attackable="1"/>
<flag hostile="1"/>
<flag illusionable="1"/>
<flag convinceable="0"/>
<flag pushable="0"/>
<flag canpushitems="1"/>
<flag canpushcreatures="0"/>
<flag targetdistance="1"/>
<flag staticattack="90"/>
<flag runonhealth="0"/>
</flags>
<attacks>
<attack name="melee" interval="1800" skill="115" attack="120"/>
<attack name="poison" interval="1000" chance="12" range="1" radius="1" target="1" min="-400" max="-605">
<attribute key="areaEffect" value="poison"/>
</attack>
<attack name="lifedrain" interval="1000" chance="13" radius="8" target="0" min="-300" max="-600">
			<attribute key="areaEffect" value="bluebubble"/>
</attack>
<attack name="ice" interval="1000" chance="7" length="9" spread="3" min="-620" max="-700">
			<attribute key="areaEffect" value="icearea"/>
</attack>
<attack name="earth" interval="1000" chance="5" length="9" spread="3" min="-500" max="-635">
			<attribute key="areaEffect" value="bigplants"/>
</attack>
</attacks>
<defenses armor="16" defense="19"/>
<elements>
<element physicalPercent="1"/>
<element holyPercent="1"/>
<element deathPercent="10"/>
<element firePercent="-1"/>
<element energyPercent="-1"/>
<element icePercent="15"/>
<element earthPercent="1"/>
</elements>
<immunities>
<immunity invisible="1"/>
</immunities>
<voices interval="5000" chance="10">
<voice sentence="Zrp zrp!"/>
</voices>
</monster>