<?xml version="1.0" encoding="UTF-8"?>
<monster name="Triple Medusa" nameDescription="a Triple Medusa" race="venom" experience="20000" speed="820" manacost="0">
<health now="33000" max="33000"/>
<look type="354" corpse="6068"/>
<targetchange interval="5000" chance="12"/>
<strategy attack="100" defense="0"/>
<flags>
<flag summonable="0"/>
<flag attackable="1"/>
<flag hostile="1"/>
<flag illusionable="1"/>
<flag convinceable="0"/>
<flag pushable="0"/>
<flag canpushitems="1"/>
<flag canpushcreatures="0"/>
<flag targetdistance="1"/>
<flag staticattack="90"/>
<flag runonhealth="0"/>
</flags>
<attacks>
<attack name="melee" interval="1800" skill="120" attack="136"/>
<attack name="poison" interval="1000" chance="12" range="1" radius="1" target="1" min="-600" max="-1005">
<attribute key="areaEffect" value="poison"/>
</attack>
<attack name="lifedrain" interval="1000" chance="13" radius="8" target="0" min="-600" max="-1200">
			<attribute key="areaEffect" value="bluebubble"/>
</attack>
<attack name="ice" interval="1000" chance="7" length="9" spread="3" min="-820" max="-900">
			<attribute key="areaEffect" value="icearea"/>
</attack>
<attack name="earth" interval="1000" chance="5" length="9" spread="3" min="-800" max="-935">
			<attribute key="areaEffect" value="bigplants"/>
</attack>
</attacks>
<defenses armor="16" defense="19"/>
<elements>
<element physicalPercent="1"/>
<element holyPercent="1"/>
<element deathPercent="10"/>
<element firePercent="-1"/>
<element energyPercent="-1"/>
<element icePercent="15"/>
<element earthPercent="1"/>
</elements>
<immunities>
<immunity invisible="1"/>
</immunities>
<voices interval="5000" chance="10">
<voice sentence="Zrp zrp!"/>
</voices>
  <loot>
	<item id="2148" countmax="100" chance1="80000" chancemax="800"/>
	<item id="2148" countmax="100" chance1="80000" chancemax="100"/>
	<item id="2160" countmax="3" chance1="100000" chancemax="1000"/>
	<item id="2143" countmax="7" chance1="3000" chancemax="1000"/>
	<item id="2514" chance="1650"/>
	<item id="7590" chance="7000"/>
	<item id="7591" chance="7000"/>
	<item id="1987" chance="100000">
		<inside>
			<item id="7431" chance="1400"/>
			<item id="2421" chance="1100"/>
			<item id="5947" chance="50100"/>
			<item id="7368" countmax="25" chance="100000"/>
		</inside>
	</item>
  </loot>
</monster>