﻿<?xml version="1.0" encoding="UTF-8"?>
<monster name="Undead Morgaroth" nameDescription="Undead Morgaroth" race="fire" experience="25000" speed="1280" manacost="0">
<health now="40000" max="40000"/>
<look type="12" head="114" body="1" legs="72" feet="120" corpse="8204"/>
<targetchange interval="5000" chance="8"/>
<strategy attack="100" defense="0"/>
<flags>
<flag summonable="0"/>
<flag attackable="1"/>
<flag hostile="1"/>
<flag illusionable="0"/>
<flag convinceable="0"/>
<flag pushable="0"/>
<flag canpushitems="1"/>
<flag canpushcreatures="1"/>
<flag targetdistance="1"/>
<flag staticattack="85"/>
<flag runonhealth="0"/>
</flags>
<attacks>
<attack name="melee" interval="2000" skill="100" attack="150"/>
<attack name="death" interval="1000" chance="11" length="8" spread="0" min="-750" max="-850">
<attribute key="areaEffect" value="mortarea"/>
</attack>
<attack name="poisoncondition" interval="1000" chance="11" length="8" spread="3" min="-800" max="-950">
<attribute key="areaEffect" value="poison"/>
</attack>
<attack name="physical" interval="1000" chance="8" radius="6" target ="0" min="-750" max="-955">
<attribute key="areaEffect" value="groundshaker"/>
</attack>
<attack name="fire" interval="1000" chance="10" radius="7" target="1" min="-650" max="-900">
<attribute key="areaEffect" value="firearea"/>
</attack>
</attacks>
<defenses armor="70" defense="65">
<defense name="healing" interval="1000" chance="14" min="400" max="900">
<attribute key="areaEffect" value="greenshimmer"/>
</defense>
<defense name="speed" interval="1000" chance="4" speedchange="500" duration="7000">
<attribute key="areaEffect" value="blueshimmer"/>
</defense>
</defenses>
<elements>
<element icePercent="-20"/>
<element holyPercent="10"/>
<element deathPercent="20"/>
<element firePercent="-20"/>
</elements>
<immunities>
<immunity physical="0"/>
<immunity energy="0"/>
<immunity fire="0"/>
<immunity poison="1"/>
<immunity lifedrain="1"/>
<immunity paralyze="1"/>
<immunity outfit="1"/>
<immunity drunk="1"/>
<immunity invisible="1"/>
</immunities>
<voices interval="5000" chance="10">
<voice sentence="Be prepared for the day my masters will come for you!" yell="1"/>
<voice sentence="I might reward you for killing my brother ~ with a swift dead!" yell="1"/>
</voices>
</monster> 