﻿<?xml version="1.0" encoding="UTF-8"?>
<monster name="Serpent Spawn" nameDescription="a serpent spawn" race="venom" experience="2350" speed="240" manacost="0">
	<health now="3000" max="3000"/>
	<look type="220" corpse="4323"/>
	<targetchange interval="5000" chance="8"/>
	<strategy attack="100" defense="0"/>
	<flags>
		<flag summonable="0"/>
		<flag attackable="1"/>
		<flag hostile="1"/>
		<flag illusionable="0"/>
		<flag convinceable="0"/>
		<flag pushable="0"/>
		<flag canpushitems="1"/>
		<flag canpushcreatures="1"/>
		<flag targetdistance="1"/>
		<flag staticattack="90"/>
		<flag runonhealth="275"/>
	</flags>
	<attacks>
		<attack name="melee" interval="2000" min="-80" max="-300"/>
		<attack name="poison" interval="1000" chance="33" range="7" min="-100" max="-300">
			<attribute key="shootEffect" value="poison"/>
			<attribute key="areaEffect" value="greenspark"/>
		</attack>
		<attack name="outfit" interval="1000" chance="1" range="7" item="3976" duration="4000">
			<attribute key="areaEffect" value="blueshimmer"/>
		</attack>
		<attack name="speed" interval="1000" chance="20" range="7" radius="4" target="1" speedchange="-850" duration="120000">
			<attribute key="shootEffect" value="poison"/>
			<attribute key="areaEffect" value="greenbubble"/>
		</attack>
		<attack name="lifedrain" interval="2000" chance="15" length="8" spread="0" min="-150" max="-400">
			<attribute key="areaEffect" value="rednote"/>
		</attack>
		<attack name="poison" interval="3000" chance="17" length="8" spread="3" min="-50" max="-500">
			<attribute key="areaEffect" value="poison"/>
		</attack>
		<attack name="outfit" interval="1000" chance="15" range="7" item="3976" duration="12000">
			<attribute key="areaEffect" value="blueshimmer"/>
		</attack>
	</attacks>
	<defenses armor="18" defense="25">
		<defense name="healing" interval="1000" chance="17" min="300" max="500">
			<attribute key="areaEffect" value="blueshimmer"/>
		</defense>
		<defense name="speed" interval="1000" chance="9" speedchange="320" duration="5000">
			<attribute key="areaEffect" value="redshimmer"/>
		</defense>
	</defenses>
	<elements>
		<element earthPercent="100"/>
		<element icePercent="30"/>
		<element firePercent="-6"/>
		<element energyPercent="-10"/>
	</elements>
	<immunities>
		<immunity paralyze="1"/>
		<immunity invisible="1"/>
	</immunities>
	<voices interval="5000" chance="10">
		<voice sentence="Sssssouls for the one"/>
		<voice sentence="HISSSS" yell="1"/>
		<voice sentence="Tsssse one will risssse again"/>
		<voice sentence="I bring your deathhh, mortalssss"/>
	</voices>
	<loot>
		<item id="2182" chance="1333"/><!-- snakebite rod -->
		<item id="2195" chance="800"/><!-- boots of haste -->
		<item id="3976" countmax="10" chance="50000"/><!-- worm -->
		<item id="2148" countmax="50" chance="100000"/><!-- gold coin -->
		<item id="2476" chance="500"/><!-- knight armor -->
		<item id="1976" chance="9000"/><!-- gemmed book -->
		<item id="3971" chance="2000"/><!-- charmer tiara -->
		<item id="2492" chance="200"/><!-- dragon scale mail -->
		<item id="2167" chance="3000"/><!-- energy ring -->
		<item id="2392" chance="300"/><!-- fire sword -->
		<item id="1987" chance="100000"><!-- bag -->
			<inside>
				<item id="2148" countmax="100" chance="100000"/><!-- gold coin -->
				<item id="2033" chance="3000"/><!-- golden mug -->
				<item id="2182" chance="1000"/><!-- snakebite rod -->
				<item id="2796" countmax="1" chance="18000"/><!-- green mushroom -->
				<item id="2177" chance="800"/><!-- life crystal -->
				<item id="2168" chance="3000"/><!-- life ring -->
				<item id="2547" chance="6000"/><!-- power bolt -->
				<item id="2498" chance="100"/><!-- royal helmet -->
				<item id="2146" countmax="1" chance="6000"/><!-- small sapphire -->
				<item id="2479" chance="600"/><!-- strange helmet -->
				<item id="2528" chance="400"/><!-- tower shield -->
			</inside>
		</item>
	</loot>
</monster>
