﻿<?xml version="1.0" encoding="UTF-8"?>
<monster name="minotaur archer" nameDescription="a minotaur archer" race="blood" experience="65" speed="470" manacost="390">
  <health now="31100" max="31100"/>
  <look type="24" head="20" body="30" legs="40" feet="50" corpse="5982"/>
  <targetchange interval="5000" chance="8"/>
  <strategy attack="100" defense="0"/>
  <flags>
    <flag summonable="0"/>
    <flag attackable="1"/>
    <flag hostile="1"/>
    <flag illusionable="1"/>
    <flag convinceable="1"/>
    <flag pushable="0"/>
    <flag canpushitems="0"/>
    <flag canpushcreatures="0"/>
    <flag targetdistance="4"/>
    <flag staticattack="90"/>
    <flag runonhealth="10"/>
  </flags>
  <attacks>
    <attack name="melee" interval="1000" skill="110" attack="115"/>
    <attack name="physical" interval="1000" chance="34" range="7" min="-345" max="-485">
      <attribute key="shootEffect" value="bolt"/>
    </attack>
  </attacks>
  <defenses armor="7" defense="8"/>
  <immunities>
    <immunity physical="0"/>
    <immunity energy="0"/>
    <immunity fire="0"/>
    <immunity poison="0"/>
    <immunity lifedrain="0"/>
    <immunity paralyze="0"/>
    <immunity outfit="0"/>
    <immunity drunk="0"/>
    <immunity invisible="0"/>
  </immunities>
  <voices interval="5000" chance="10">
    <voice sentence="Ruan Wihmpy!"/>
    <voice sentence="Kaplar!"/>
  </voices>
  <loot>
    <item id="3976" countmax="10" chance1="50000" chancemax="0"/>
    <item id="2148" countmax="28" chance1="100000" chancemax="0"/>
    <item id="2543" countmax="18" chance1="70000" chancemax="0"/>
    <item id="2666" countmax="3" chance1="50000" chancemax="0"/>
    <item id="2483" chance="10000"/>
    <item id="2481" chance="6666"/>
    <item id="5878" countmax="1" chance1="5000" chancemax="0"/>
    <item id="1987" chance="100000">
      <inside>
    <item id="7363" countmax="8" chance1="6000" chancemax="0"/>
        <item id="2465" chance="5000"/>
        <item id="2464" chance="10000"/>
        <item id="2648" chance="4000"/>
        <item id="2458" chance="10000"/>
      </inside>
    </item>
  </loot>
</monster>
