<?xml version="1.0" encoding="UTF-8"?>
<monster name="Juggernaut" nameDescription="a Juggernaut" race="blood" experience="8700" speed="380" manacost="0">
  <health now="20000" max="20000"/>
  <look type="244" corpse="6336"/>
  <targetchange interval="5000" chance="8"/>
  <strategy attack="100" defense="0"/>
  <flags>
    <flag summonable="0"/>
    <flag attackable="1"/>
    <flag hostile="1"/>
    <flag illusionable="1"/>
    <flag convinceable="0"/>
    <flag pushable="0"/>
    <flag canpushitems="1"/>
    <flag canpushcreatures="1"/>
    <flag targetdistance="1"/>
    <flag staticattack="90"/>
    <flag runonhealth="0"/>
  </flags>
  <attacks>
    <attack name="melee" interval="2000" skill="140" attack="160"/>
    <attack name="physical" interval="2000" chance="18" range="7" min="0" max="-650">
      <attribute key="shootEffect" value="largerock"/>
    </attack>
  </attacks>
  <defenses armor="70" defense="70">
    <defense name="speed" interval="2000" chance="12" speedchange="480" duration="4000">
      <attribute key="areaEffect" value="redshimmer"/>
    </defense>
  </defenses>
	<elements>
		<element physicalPercent="50"/>
		<element earthPercent="30"/>
		<element firePercent="30"/>
		<element icePercent="20"/>
		<element holyPercent="-15"/>
		<element energyPercent="-10"/>
	</elements>
  <immunities>
    <immunity paralyze="1"/>
    <immunity invisible="1"/>
  </immunities>
  <voices interval="5000" chance="10">
    <voice sentence="WAHHHH!"/>
    <voice sentence="RAAARRR!"/>
    <voice sentence="GRRRRRR!"/>
  </voices>
  <loot>
	<item id="2148" chance="100000" countmax="100" /> -- Gold Coin
	<item id="2152" chance="80000" countmax="5" /> -- Platinum Amulet
	<item id="2666" chance="20000" countmax="8" /> -- Meat
	<item id="2672" chance1="36000" countmax="3" /> -- Dragon Ham
	<item id="2220" chance="80000" /> -- Broken pottery
	<item id="2228" chance="5000" /> -- dirty fur
	<item id="2136" chance="985"/> -- Demonbone amulet
	<item id="2452" chance="650" /> -- Heavy Mace
	<item id="6558" chance="15500" /> -- Concentrated Demonic Blood
	<item id="6558" chance="15500" /> -- Concentrated Demonic Blood
	<item id="6500" chance="6000" countmax="1" /> Demonic Essence
	<item id="1987" chance="100000" >
		<inside>
			<item id="2514" chance="1300"/> -- Mastermind Shield
			<item id="7590" chance="6900"/> -- Great Mana Potion
			<item id="7591" chance="5400"/> -- Great Health Potion	
			<item id="7452" chance="3900"/> -- Spiked Squelcher
			<item id="7404" chance="1900"/> -- Assassin Dagger
			<item id="5944" chance="7300" countmax="1" /> Soul Orb
			<item id="2434" chance="5000" /> -- Dragon Hammer
			<item id="2466" chance="1777" /> -- Golden Armor
			<item id="2470" chance="1500" /> -- Golden Legs
		        <item id="2112" chance="4100"/> --addon doll
			<item id="8889" chance="999"/> --Skullcracker armor
		</inside>
	</item>
 </loot>
</monster>
