<?xml version="1.0" encoding="UTF-8"?>
<monster name="thalas" nameDescription="a thalas" race="venom" experience="2950" speed="320" manacost="0">
  <health now="4100" max="4100"/>
  <look type="86" head="20" body="30" legs="40" feet="50" corpse="6025"/>
  <targetchange interval="5000" chance="8"/>
  <strategy attack="100" defense="0"/>
  <flags>
    <flag summonable="0"/>
    <flag attackable="1"/>
    <flag hostile="1"/>
    <flag illusionable="0"/>
    <flag convinceable="0"/>
    <flag pushable="0"/>
    <flag canpushitems="1"/>
    <flag canpushcreatures="1"/>
    <flag targetdistance="1"/>
    <flag staticattack="90"/>
    <flag runonhealth="0"/>
  </flags>
  <attacks>
    <attack name="melee" interval="2000" skill="110" attack="115" poison="300"/>
    <attack name="poison" interval="1000" chance="11" range="7" min="-300" max="-650">
      <attribute key="shootEffect" value="poison"/>
      <attribute key="areaEffect" value="poison"/>
    </attack>
    <attack name="speed" interval="1000" chance="13" range="7" speedchange="-1000" duration="20000">
      <attribute key="areaEffect" value="redshimmer"/>
    </attack>
    <attack name="earth" interval="1000" chance="11" length="8" spread="3" min="-250" max="-892">
      <attribute key="areaEffect" value="poison"/>
    </attack>
  </attacks>
  <defenses armor="20" defense="30">
    <defense name="healing" interval="1000" chance="20" min="150" max="450">
      <attribute key="areaEffect" value="blueshimmer"/>
    </defense>
  </defenses>
  <elements>
  <element firePercent="-12"/>
  </elements>
  <summons maxSummons="8">
    <summon name="slime" interval="10000" chance="100" />
	<summon name="slime" interval="10000" chance="100" />
	<summon name="slime" interval="10000" chance="100" />
	<summon name="slime" interval="10000" chance="100" />
	<summon name="slime" interval="10000" chance="100" />
	<summon name="slime" interval="10000" chance="100" />
	<summon name="slime" interval="10000" chance="100" />
	<summon name="slime" interval="10000" chance="100" />
  </summons>
  <voices interval="5000" chance="10">
    <voice sentence="You will become a feast for my maggots."/>
    <voice sentence="Death and decay!"/>
  </voices>
  <loot>
    <item id="2148" countmax="100" chance1="100000" chancemax="0"/> --Gold
    <item id="2351" chance="100000"/> --Cobrafang Dagger
	<item id="2409" chance="4444"/> --Serpent SWord
    <item id="2148" countmax="100" chance1="100000" chancemax="0"/>
    <item id="1987" chance="100000">
      <inside>
        <item id="2148" countmax="70" chance1="100000" chancemax="0"/> --Gold
        <item id="2149" countmax="3" chance1="6000" chancemax="0"/> --Small Emerald
        <item id="2451" chance="1200"/> --Djinn Blade
        <item id="2255" chance="2222"/> --Green Gem
        <item id="7591" chance="4000"/> --Great Health Potion
      </inside>
    </item>
  </loot>
</monster>
