<?xml version="1.0" encoding="UTF-8"?>
<monster name="Zarabustor" nameDescription="zarabustor" race="blood" experience="8000" speed="265" manacost="0">
  <health now="5100" max="5100"/>
  <look type="130" head="19" body="71" legs="128" feet="128" addons="1" corpse="6080"/>
  <targetchange interval="5000" chance="30"/>
  <strategy attack="90" defense="10"/>
  <flags>
    <flag summonable="0"/>
    <flag attackable="1"/>
    <flag hostile="1"/>
    <flag illusionable="0"/>
    <flag convinceable="0"/>
    <flag pushable="0"/>
    <flag canpushitems="1"/>
    <flag canpushcreatures="1"/>
    <flag targetdistance="4"/>
    <flag staticattack="90"/>
    <flag runonhealth="1000"/>
  </flags>
  <attacks>
    <attack name="melee" interval="2000" skill="55" attack="50"/>
    <attack name="ice" interval="1000" chance="12" range="7" target="1" min="-120" attack="-190">
      <attribute key="shootEffect" value="ice"/>
	  <attribute key="areaEffect" value="iceattack"/>
    </attack>
	<attack name="energy" interval="2000" chance="20" range="7" target="1" min="-180" max="-250">
	  <attribute key="shootEffect" value="energyball"/>
	  <attribute key="areaEffect" value="energy"/>
	  </attack>
    <attack name="manadrain" interval="2000" chance="16" range="7" min="-35" max="-255">
	<attribute key="shootEffect" value="ice"/>
	</attack>
    <attack name="speed" interval="3000" chance="18" range="7" speedchange="-750" duration="40000">
	  <attribute key="shootEffect" value="smallice"/>
      <attribute key="areaEffect" value="blueshimmer"/>
    </attack>
    <attack name="fire" interval="3000" chance="23" range="7" radius="3" target="1" min="160" max="-250">
      <attribute key="shootEffect" value="burstarrow"/>
      <attribute key="areaEffect" value="firearea"/>
    </attack>
    <attack name="firefield" interval="2000" chance="14" range="7" radius="2" target="1">
      <attribute key="shootEffect" value="fire"/>
    </attack>
    <attack name="energy" interval="3000" chance="15" length="8" spread="0" min="-180" max="-350">
      <attribute key="areaEffect" value="bigclouds"/>
    </attack>

  </attacks>
  <defenses armor="25" defense="20">
    <defense name="healing" interval="1000" chance="15" min="200" max="400">
      <attribute key="areaEffect" value="blueshimmer"/>
    </defense>
    <defense name="invisible" interval="2000" chance="10" duration="4000">
      <attribute key="areaEffect" value="blueshimmer"/>
    </defense>

  </defenses>
  <elements>
	<element physicalPercent="-10"/>
	<element holyPercent="-10"/>
	<element earthPercent="90"/>
  </elements>
  <immunities>
    <immunity physical="0"/>
    <immunity energy="1"/>
    <immunity fire="1"/>
    <immunity ice="1"/>
    <immunity lifedrain="0"/>
    <immunity paralyze="1"/>
    <immunity outfit="1"/>
    <immunity drunk="1"/>
    <immunity invisible="1"/>
  </immunities>
  <summons maxSummons="5">
    <summon name="warlock" interval="3000" chance="15"/>
	<summon name="green djinn" interval="2000" chance="15"/>
  </summons>
  <voices interval="5000" chance="10">
    <voice sentence="Killing is a splendid diversion for my studies."/>
  </voices>
  <loot>
    <item id="2148" countmax="100" chance1="100000" chancemax="0"/>
	<item id="2148" countmax="50" chance1="100000" chancemax="0"/>
    <item id="7368" countmax="3" chance1="40000"/> --Assassin star
    <item id="2146" countmax="3" chance1="13800"/> --Small sapphire 
	<item id="1980" chance="100000">
		<inside>
			<item id="2466" chance="18877"/> --Golden Armor
			<item id="2436" chance="26400"/> --Skull staff			
		</inside>
	</item>
  </loot>
</monster>
