<?xml version="1.0" encoding="UTF-8"?>
<monster name="Battlemaster Zunzu" nameDescription="a battlemaster zunzu" race="blood" experience="3500" speed="420" manacost="0">
<health now="5000" max="5000"/>
<look type="343" corpse="11278"/>
<targetchange interval="5000" chance="8"/>
<strategy attack="100" defense="0"/>
<flags>
<flag summonable="0"/>
<flag attackable="1"/>
<flag hostile="1"/>
<flag illusionable="1"/>
<flag convinceable="0"/>
<flag pushable="0"/>
<flag canpushitems="1"/>
<flag canpushcreatures="0"/>
<flag targetdistance="1"/>
<flag staticattack="90"/>
<flag runonhealth="150"/>
</flags>
<attacks>
<attack name="melee" interval="2000" skill="65" attack="80"/>
<attack name="poison" interval="2000" chance="25" range="1" radius="1" target="1" min="-115" max="-350">
<attribute key="areaEffect" value="poison"/>
</attack>
</attacks>
	<defenses armor="45" defense="35">
		<defense name="healing" interval="1000" chance="18" min="200" max="400">
			<attribute key="areaEffect" value="blueshimmer"/>
		</defense>
	</defenses>
<elements>
<element physicalPercent="15"/>
<element deathPercent="10"/>
<element firePercent="25"/>
<element energyPercent="20"/>
<element icePercent="15"/>
</elements>
<immunities>
<immunity earth="1"/>
<immunity invisible="1"/>
</immunities>
<loot>
<item id="2148" countmax="70" chance="12500"/><!-- gold coin -->
<item id="2148" countmax="60" chance="12500"/><!-- gold coin -->
<item id="2149" countmax="10" chance="7000"/><!-- small emerald -->
<item id="11324" chance="2000"/><!-- zaogun flag -->
<item id="1987" chance="100000"><!-- bag -->
<inside>
<item id="11298" chance="1250"/><!-- zaoan legs -->
<item id="11297" chance="1500"/><!-- zaoan shoes -->
<item id="11295" chance="1250"/><!-- zaoan armor -->
<item id="11325" chance="100000"/><!-- zaogun shoulderplates -->
<item id="11200" chance="100000"/><!-- red lantern -->
</inside>
</item>
</loot>
</monster>