<?xml version="1.0" encoding="UTF-8"?>
<monster name="Killer Caiman" nameDescription="a kller caiman" race="blood" experience="800" speed="240" manacost="350">
	<health now="1500" max="1500"/>
	<look type="119" corpse="6046"/>
	<targetchange interval="5000" chance="8"/>
	<strategy attack="100" defense="0"/>
	<flags>
		<flag summonable="0"/>
		<flag attackable="1"/>
		<flag hostile="1"/>
		<flag illusionable="0"/>
		<flag convinceable="0"/>
		<flag pushable="0"/>
		<flag canpushitems="1"/>
		<flag canpushcreatures="1"/>
		<flag targetdistance="1"/>
		<flag staticattack="90"/>
		<flag runonhealth="10"/>
	</flags>
	<attacks>
		<attack name="melee" interval="2000" skill="50" attack="90"/>
				<attack name="speed" interval="1000" chance="10" radius="5" target="0" duration="12000" speedchange="-560">
			<attribute key="areaEffect" value="poff"/>
		</attack>
	</attacks>
	<defenses armor="25" defense="25">
		<defense name="speed" interval="2000" chance="7" speedchange="384" duration="4000">
			<attribute key="areaEffect" value="redshimmer"/>
		</defense>
	</defenses>
	<elements>
		<element physicalPercent="5"/>
		<element icePercent="10"/>
		<element earthPercent="20"/>
		<element energyPercent="-5"/>
	</elements>
		<immunities>
		<immunity invisible="1"/>
	</immunities>
	<loot>
		<item id="2148" countmax="60" chance="17500"/><!-- gold coin -->
		<item id="2148" countmax="60" chance="17500"/><!-- gold coin -->
		<item id="2671" countmax="2" chance="15000"/><!-- ham -->
		<item id="11190" chance="7000"/><!-- piece of crocodile leather -->		
		<item id="2149" chance="400"/><!-- small emerald -->
		<item id="11239" countmax="2" chance="1000"/><!-- bunch of ripe rice -->
	</loot>
</monster>
