<?xml version="1.0" encoding="UTF-8"?>
<monster name="Lancer Beetle" nameDescription="a lancer beetle" race="venom" experience="250" speed="420" manacost="0">
<health now="31400" max="31400"/>
<look type="348" corpse="6068"/>
<targetchange interval="5000" chance="12"/>
<strategy attack="100" defense="0"/>
<flags>
<flag summonable="0"/>
<flag attackable="1"/>
<flag hostile="1"/>
<flag illusionable="1"/>
<flag convinceable="670"/>
<flag pushable="0"/>
<flag canpushitems="1"/>
<flag canpushcreatures="0"/>
<flag targetdistance="1"/>
<flag staticattack="90"/>
<flag runonhealth="80"/>
</flags>
<attacks>
<attack name="melee" interval="1000" skill="110" attack="116"/>
<attack name="poison" interval="1000" chance="20" length="8" spread="3" min="-300" max="-400">
<attribute key="areaEffect" value="poison"/>
</attack>
</attacks>
	<defenses armor="25" defense="25">
<defense name="invisible" interval="1500" chance="10" duration="3000">
<attribute key="areaEffect" value="redshimmer"/>
		</defense>
	</defenses>
<elements>
<element deathPercent="50"/>
<element icePercent="-5"/>
<element firePercent="-10"/>
</elements>
<immunities>
<immunity earth="1"/>
<immunity invisible="1"/>
<immunity lifedrain="1"/>
<immunity paralyze="1"/>
</immunities>
<voices interval="5000" chance="10">
<voice sentence="Crump!" yell="1"/>
</voices>
<loot>
<item id="2148" countmax="61" chance1="2000" chancemax="6400"/><!-- gold coin -->
<item id="2148" countmax="60" chance1="2000" chancemax="6400"/><!-- gold coin -->
<item id="10608" chance="17500"/><!-- lump of dirt -->
<item id="10556" chance="12500"/><!-- poisonous slime -->
<item id="1987" chance="100000"><!-- bag -->
<inside>
<item id="11366" chance="7000"/><!-- lancer beetle shell -->
<item id="11368" chance="400"/><!-- beetle necklace -->
<item id="2150" chance="800"/><!-- small amethyst -->
</inside>
</item>
</loot>
</monster>