﻿<?xml version="1.0" encoding="UTF-8"?>
<monster name="gargoyle" nameDescription="a gargoyle" race="undead" experience="150" speed="250" manacost="0">
  <health now="450" max="450"/>
  <look type="95" head="20" body="30" legs="40" feet="50" corpse="6027"/>
  <targetchange interval="5000" chance="8"/>
  <strategy attack="100" defense="0"/>
  <flags>
    <flag summonable="0"/>
    <flag attackable="1"/>
    <flag hostile="1"/>
    <flag illusionable="1"/>
    <flag convinceable="0"/>
    <flag pushable="0"/>
    <flag canpushitems="1"/>
    <flag canpushcreatures="1"/>
    <flag targetdistance="1"/>
    <flag staticattack="90"/>
    <flag runonhealth="30"/>
  </flags>
  <attacks>
    <attack name="melee" interval="2000" skill="45" attack="24"/>
    <attack name="physical" interval="1000" chance="24" range="7" min="-50" max="-110">
      <attribute key="shootEffect" value="largerock"/>
    </attack>
  </attacks>
  <defenses armor="26" defense="20">
    <defense name="healing" interval="1000" chance="10" min="5" max="15">
      <attribute key="areaEffect" value="blueshimmer"/>
    </defense>
  </defenses>
  <immunities>
    <immunity physical="0"/>
    <immunity energy="0"/>
    <immunity fire="1"/>
    <immunity poison="1"/>
    <immunity lifedrain="1"/>
    <immunity paralyze="0"/>
    <immunity outfit="0"/>
    <immunity drunk="0"/>
    <immunity invisible="0"/>
  </immunities>
  <voices interval="5000" chance="10">
    <voice sentence="Harrrr Harrrr!"/>
    <voice sentence="Stone sweet stone."/>
    <voice sentence="Feel my claws, softskin."/>
    <voice sentence="Chhhhhrrrrk!"/>
    <voice sentence="There is a stone in your shoe!"/>
  </voices>
  <loot>
    <item id="2148" countmax="20" chance1="100000" chancemax="0"/>
    <item id="2671" countmax="2" chance1="33333" chancemax="0"/>
    <item id="2666" countmax="3" chance1="33333" chancemax="0"/>
    <item id="2457" chance="20000"/>
    <item id="2513" chance="25000"/>
    <item id="2209" chance="3333"/>
    <item id="2394" chance="5000"/>
    <item id="1987" chance="100000">
      <inside>
        <item id="2489" chance="2500"/>
        <item id="2148" countmax="5" chance1="100000" chancemax="0"/>
      </inside>
    </item>
  </loot>
</monster>
