<?xml version="1.0" encoding="UTF-8"?>
<monster name="grorlam" nameDescription="Grorlam" race="undead" experience="2400" speed="280" manacost="0">
  <health now="3000" max="3000"/>
  <look type="205" head="20" body="30" legs="40" feet="50" corpse="6005"/>
  <targetchange interval="5000" chance="8"/>
  <strategy attack="100" defense="0"/>
  <flags>
    <flag summonable="0"/>
    <flag attackable="1"/>
    <flag hostile="1"/>
    <flag illusionable="0"/>
    <flag convinceable="0"/>
    <flag pushable="0"/>
    <flag canpushitems="1"/>
    <flag canpushcreatures="1"/>
    <flag targetdistance="1"/>
    <flag staticattack="90"/>
    <flag runonhealth="0"/>
  </flags>
  <attacks>
    <attack name="melee" interval="2000" skill="85" attack="80"/>
    <attack name="physical" interval="1000" chance="13" range="7" min="-150" max="-200">
      <attribute key="shootEffect" value="largerock"/>
    </attack>
  </attacks>
  <defenses armor="35" defense="40">
    <defense name="healing" interval="1000" chance="25" min="300" max="650">
      <attribute key="areaEffect" value="blueshimmer"/>
    </defense>
    <defense name="speed" interval="1000" chance="6" speedchange="350" duration="8000">
      <attribute key="areaEffect" value="redshimmer"/>
    </defense>
  </defenses>
  <immunities>
    <immunity physical="0"/>
    <immunity energy="0"/>
    <immunity fire="1"/>
    <immunity poison="1"/>
    <immunity lifedrain="0"/>
    <immunity paralyze="1"/>
    <immunity outfit="0"/>
    <immunity drunk="0"/>
    <immunity invisible="0"/>
  </immunities>
  <elements>
	<element physicalPercent="30"/>
	<element holyPercent="20"/>
	<element energy="20"/>
	<element firePercent="-10"/>
	<element deathPercent="-5"/>  
  </elements>
  <loot>
    <item id="2148" countmax="20" chance1="100000" chancemax="0"/>
    <item id="2483" chance="10000"/>
    <item id="1987" chance="100000">
      <inside>
        <item id="1295" chance="10000"/>
        <item id="1294" countmax="20" chance1="20000" chancemax="0"/>
        <item id="2395" chance="5500"/>
        <item id="2050" chance="20000"/>
        <item id="2580" chance="5000"/>
      </inside>
    </item>
  </loot>
</monster>
