<?xml version="1.0" encoding="UTF-8"?>
  <monster name="Massive Earth Elemental" nameDescription="a Massive earth elemental" race="undead" experience="500850" species="earth" speed="1290" manacost="0">
    <health now="1000100" max="1000100"/>
    <look type="285" corpse="8933"/>
    <targetchange interval="20000" chance="50"/>
    <strategy attack="100" defense="0"/>
    <flags>
      <flag summonable="0"/>
      <flag attackable="1"/>
      <flag hostile="1"/>
      <flag illusionable="0"/>
      <flag convinceable="0"/>
      <flag pushable="0"/>
      <flag canpushitems="1"/>
      <flag staticattack="80"/>
      <flag lightlevel="0"/>
      <flag lightcolor="0"/>
      <flag targetdistance="1"/>
      <flag runonhealth="1"/>
    </flags>
    <attacks>
         	<attack name="melee" interval="1000" skill="250" attack="255"/>
	<attack name="earth" interval="2000" chance="15" range="7" min="-3025" max="-3140">
		<attribute key="shootEffect" value="earth"/>
			</attack>
	<attack name="earth" interval="1000" chance="10" length="6" spread="0" min="3000" max="-3260">
		<attribute key="areaEffect" value="smallplants"/>
			</attack>
	<attack name="physical" interval="1000" chance="9" target="0" radius="4" min="3000" max="-3240">
      		<attribute key="areaEffect" value="poff"/>
  		 	</attack>
    </attacks>
    <defenses armor="30" defense="30"/>
    <elements>
     <element deathPercent="20"/>
     <element icePercent="20"/>
     <element physicalPercent="20"/>
     <element holyPercent="20"/>
     <element firePercent="-25"/>
    </elements>
    <immunities>
      <immunity paralyze="1"/>
      <immunity invisible="1"/>
      <immunity earth="1"/>
      <immunity energy="1"/>
    </immunities>
    <loot>
      <item id="2148" countmax="114" chance1="100000" chancemax="0"/> -- Gold
      <item id="1294" countmax="9" chance1="9000" chancemax="0"/> -- Small Stones
      <item id="2436" chance="3000"/> -- Plate Armor
    </loot>
	<script>
		<event name="teleportmonster24"/>
	</script>
  </monster>
