<?xml version="1.0" encoding="UTF-8"?>
<monster name="stone golem" nameDescription="a stone golem" race="undead" experience="280" speed="180" manacost="590">
  <health now="270" max="270"/>
  <look type="67" head="20" body="30" legs="40" feet="50" corpse="6005"/>
  <targetchange interval="5000" chance="8"/>
  <strategy attack="100" defense="0"/>
  <flags>
    <flag summonable="1"/>
    <flag attackable="1"/>
    <flag hostile="1"/>
    <flag illusionable="1"/>
    <flag convinceable="1"/>
    <flag pushable="0"/>
    <flag canpushitems="1"/>
    <flag canpushcreatures="1"/>
    <flag targetdistance="1"/>
    <flag staticattack="90"/>
    <flag runonhealth="0"/>
  </flags>
  <attacks>
    <attack name="melee" interval="2000" skill="52" attack="38"/>
  </attacks>
  <defenses armor="10" defense="18"/>
  <immunities>
    <immunity physical="0"/>
    <immunity energy="0"/>
    <immunity fire="1"/>
    <immunity poison="1"/>
    <immunity lifedrain="0"/>
    <immunity paralyze="1"/>
    <immunity outfit="0"/>
    <immunity drunk="0"/>
    <immunity invisible="0"/>
  </immunities>
  <loot>
    <item id="2148" countmax="20" chance1="100000" chancemax="0"/>
    <item id="2483" chance="10000"/>
    <item id="5880" chance="2500" countmax="2" /> -- iron ore
    <item id="1987" chance="100000">
      <inside>
        <item id="1295" chance="10000"/>
        <item id="1294" countmax="5" chance1="20000" chancemax="0"/>
        <item id="2395" chance="2500"/>
        <item id="2050" chance="20000"/>
        <item id="2580" chance="5000"/>
      </inside>
    </item>
  </loot>
</monster>
