<?xml version="1.0" encoding="UTF-8"?>
<monster name="Demora" nameDescription="a small demon" race="fire" experience="400" speed="420" manacost="0">
	<health now="2000" max="2000"/>
	<look type="35" head="0" body="0" legs="0" feet="0" corpse="2916"/>
	<targetchange interval="2000" chance="10"/>
	<strategy attack="70" defense="10"/>
	<flags>
		<flag summonable="0"/>
		<flag attackable="1"/>
		<flag hostile="1"/>
		<flag illusionable="0"/>
		<flag convinceable="0"/>
		<flag pushable="0"/>
		<flag canpushitems="1"/>
		<flag canpushcreatures="1"/>
		<flag targetdistance="1"/>
		<flag runonhealth="0"/>
	</flags>
	<attacks>
		<attack name="melee" interval="2000" skill="60" attack="40"/>
		<attack name="manadrain" interval="1000" chance="13" range="7" min="-10" max="-30"/>
		<attack name="fire" interval="3000" chance="60" range="7" radius="5" target="1" min="-30" max="-60">
			<attribute key="shootEffect" value="fire"/>
			<attribute key="areaEffect" value="firearea"/>
		</attack>
		<attack name="firefield" interval="6000" chance="65" range="7" radius="1" target="1">
			<attribute key="shootEffect" value="fire"/>
		</attack>
		<attack name="energy" interval="6000" chance="20" length="8" spread="0" min="-100" max="-150">
			<attribute key="areaEffect" value="energy"/>
		</attack>
	</attacks>
	<defenses armor="40" defense="65">
		<defense name="healing" interval="4000" chance="5" min="10" max="50">
			<attribute key="areaEffect" value="blueshimmer"/>
		</defense>
	</defenses>
	<immunities>
		<immunity physical="0"/>
		<immunity energy="1"/>
		<immunity fire="1"/>
		<immunity poison="1"/>
		<immunity lifedrain="1"/>
		<immunity paralyze="1"/>
		<immunity outfit="1"/>
		<immunity drunk="1"/>
		<immunity invisible="1"/>
	</immunities>
	<summons maxSummons="1">
		<summon name="fire devil" interval="2000" chance="15" max="1"/>
	</summons>
	<voices interval="5000" chance="10">
		<voice sentence="MWIAHAIA!" yell="1"/>
		<voice sentence="Your soul will be mine someday!" yell="1"/>
	</voices>
	<loot capacity="800">
		<item id="2520" countmax="1" chance="700"/>
		<item id="2462" countmax="1" chance="1200"/>
		<item id="2387" countmax="1" chance="20000"/>
		<item id="2432" countmax="1" chance="4000"/>
		<item id="2795" countmax="6" chance="20000"/>
		<item id="2393" countmax="1" chance="2000"/>
		<item id="2148" countmax="100" chance="70000"/>
		<item id="2148" countmax="100" chance="60000"/>
		<item id="2148" countmax="100" chance="50000"/>
		<item id="2148" countmax="100" chance="40000"/>
		<item id="2470" countmax="1" chance="400"/>
		<item id="2418" countmax="1" chance="1500"/>
		<item id="2396" countmax="1" chance="600"/>
		<item id="2472" countmax="1" chance="100"/>
		<item id="2514" countmax="1" chance="500"/>
		<item id="2164" countmax="1" chance="200"/>
		<item id="2176" countmax="1" chance="3000"/>
		<item id="2171" countmax="1" chance="700"/>
		<item id="1982" countmax="1" chance="1300"/>
		<item id="2214" countmax="1" chance="500"/>
		<item id="2149" countmax="1" chance="11000"/>
		<item id="2165" countmax="1" chance="1400"/>
		<item id="2151" countmax="1" chance="3500"/>
	</loot>
</monster>