<?xml version="1.0" encoding="UTF-8"?>
<monster name="Dracula" nameDescription="the known dracula" race="undead" experience="2000" speed="300" manacost="0">
	<health now="5000" max="5000"/>
	<look type="68" head="0" body="0" legs="0" feet="0" corpse="2956"/>
	<targetchange interval="2000" chance="5"/>
	<strategy attack="70" defense="30"/>
	<flags>
		<flag summonable="0"/>
		<flag attackable="1"/>
		<flag hostile="1"/>
		<flag illusionable="1"/>
		<flag convinceable="0"/>
		<flag pushable="0"/>
		<flag canpushitems="1"/>
		<flag canpushcreatures="1"/>
		<flag targetdistance="1"/>
		<flag runonhealth="0"/>
	</flags>
	<attacks>
		<attack name="melee" interval="2000" skill="75" attack="55"/>
		<attack name="lifedrain" interval="1000" chance="20" range="1" min="-55" max="-105"/>
		<attack name="speed" interval="1000" chance="12" range="7" speedchange="-350" duration="30000">
			<attribute key="areaEffect" value="redshimmer"/>
		</attack>
		<attack name="physical" interval="10000" chance="50" range="7" min="-50" max="-180">
			<attribute key="shootEffect" value="throwingstar"/>
		</attack>
	</attacks>
	<defenses armor="27" defense="38">
		<defense name="outfit" interval="1000" chance="1" monster="bat" duration="6000">
			<attribute key="areaEffect" value="blueshimmer"/>
		</defense>
	</defenses>
	<immunities>
		<immunity physical="0"/>
		<immunity energy="0"/>
		<immunity fire="0"/>
		<immunity poison="1"/>
		<immunity lifedrain="1"/>
		<immunity paralyze="1"/>
		<immunity outfit="1"/>
		<immunity drunk="1"/>
		<immunity invisible="1"/>
	</immunities>
	<summons maxSummons="2">
		<summon name="vampire" interval="2000" chance="50" max="2"/>
	</summons>
	<voices interval="5000" chance="10">
		<voice sentence="BLOOD!" yell="1"/>
		<voice sentence="Let me kiss your neck."/>
		<voice sentence="I smell warm blood."/>
		<voice sentence="I call you, my bats! Come!"/>
	</voices>
	<loot capacity="1000">
		<item id="2144" countmax="1" chance="1500"/>
		<item id="2032" countmax="1" chance="11000"/>
		<item id="2172" countmax="1" chance="200"/>
		<item id="2127" countmax="1" chance="200"/>
		<item id="2148" countmax="20" chance="15000"/>
		<item id="2747" countmax="1" chance="18000"/>
		<item id="2396" countmax="1" chance="300"/>
		<item id="2412" countmax="1" chance="15000"/>
		<item id="2649" countmax="1" chance="8000"/>
		<item id="2229" countmax="1" chance="10000"/>
		<item id="2383" countmax="1" chance="1000"/>
		<item id="2479" countmax="1" chance="400"/>
		<item id="2534" countmax="1" chance="100"/>
	</loot>
</monster>