<?xml version="1.0" encoding="UTF-8"?>
<monster name="Paladin" nameDescription="a paladin" race="blood" experience="2500" speed="360" manacost="0">
	<health now="2000" max="2000"/>
 	<look type="129" head="95" body="121" legs="40" feet="97" corpse="3128" addons="1"/>
	<targetchange interval="2000" chance="5"/>
	<strategy attack="80" defense="10"/>
	<flags>
		<flag summonable="0"/>
		<flag attackable="1"/>
		<flag hostile="1"/>
		<flag illusionable="0"/>
		<flag convinceable="0"/>
		<flag pushable="0"/>
		<flag canpushitems="1"/>
		<flag canpushcreatures="1"/>
		<flag targetdistance="1"/>
		<flag runonhealth="0"/>
	</flags>
	<attacks>
		<attack name="physical" interval="2000" chance="90" range="7" min="-100" max="-300">
			<attribute key="shootEffect" value="redstar"/>
		</attack>
		<attack name="holy" interval="4000" chance="100" range="7" min="-40" max="-60">
			<attribute key="shootEffect" value="holy"/>
		</attack>
	</attacks>
	<defenses armor="35" defense="50">
		<defense name="healing" interval="7000" chance="100" min="500" max="700">
			<attribute key="areaEffect" value="blueshimmer"/>
		</defense>
		<defense name="speed" interval="10000" chance="100" speedchange="500" duration="20000">
			<attribute key="areaEffect" value="greenshimmer"/>
		</defense>
	</defenses>
	<immunities>
		<immunity physical="0"/>
		<immunity energy="1"/>
		<immunity fire="1"/>
		<immunity poison="1"/>
		<immunity lifedrain="0"/>
		<immunity paralyze="1"/>
		<immunity outfit="1"/>
		<immunity drunk="1"/>
		<immunity invisible="1"/>
	</immunities>
	<voices interval="4000" chance="100">
    <voice sentence="Exori San"/>
	</voices>
	<loot capacity="800">
		<item id="2544" countmax="13" chance="27000"/>
		<item id="2456" countmax="1" chance="13000"/>
		<item id="2487" countmax="1" chance="600"/>
		<item id="2491" countmax="1" chance="500"/>
		<item id="2488" countmax="1" chance="500"/>
		<item id="2519" countmax="1" chance="400"/>
		<item id="2392" countmax="1" chance="500"/>
		<item id="2148" countmax="100" chance="60000"/>
		<item id="2681" countmax="1" chance="20000"/>
		<item id="2652" countmax="1" chance="8000"/>
		<item id="2071" countmax="1" chance="15000"/>
		<item id="2666" countmax="2" chance="18000"/>
		<item id="2164" countmax="1" chance="500"/>
		<item id="2744" countmax="1" chance="20000"/>
		<item id="2120" countmax="1" chance="20000"/>
		<item id="2661" countmax="1" chance="12000"/>
		<item id="1949" countmax="1" chance="45000"/>
		<item id="2377" countmax="1" chance="1500"/>
		<item id="2391" countmax="1" chance="1000"/>		
	</loot>
</monster>