<?xml version="1.0" encoding="UTF-8"?>
<monster name="Prince Almirith" nameDescription="the elf prince" race="blood" experience="2400" speed="260" manacost="0">
	<health now="5000" max="5000"/>
	<look type="63" head="0" body="0" legs="0" feet="0" corpse="2979"/>
	<targetchange interval="2000" chance="50"/>
	<strategy attack="100" defense="0"/>
	<flags>
		<flag summonable="0"/>
		<flag attackable="1"/>
		<flag hostile="1"/>
		<flag illusionable="0"/>
		<flag convinceable="0"/>
		<flag pushable="0"/>
		<flag canpushitems="1"/>
		<flag canpushcreatures="0"/>
		<flag targetdistance="4"/>
		<flag runonhealth="0"/>
	</flags>
	<attacks>
		<attack name="melee" interval="2000" skill="25" attack="20"/>
		<attack name="physical" interval="1000" chance="45" range="7" min="-100" max="-170">
			<attribute key="shootEffect" value="arrow"/>
		</attack>
		<attack name="energy" interval="3000" chance="70" range="7" min="-50" max="-90">
			<attribute key="shootEffect" value="energy"/>
			<attribute key="areaEffect" value="energy"/>
		</attack>
		<attack name="physical" interval="5000" chance="85" range="7" min="-175" max="-250">
			<attribute key="shootEffect" value="suddendeath"/>
		</attack>
	</attacks>
	<defenses armor="15" defense="20">
		<defense name="healing" interval="1000" chance="20" min="100" max="500">
			<attribute key="areaEffect" value="blueshimmer"/>
		</defense>
	</defenses>
	<immunities>
		<immunity physical="0"/>
		<immunity energy="1"/>
		<immunity fire="1"/>
		<immunity poison="1"/>
		<immunity lifedrain="0"/>
		<immunity paralyze="0"/>
		<immunity outfit="1"/>
		<immunity drunk="1"/>
		<immunity invisible="1"/>
	</immunities>
	<voices interval="5000" chance="10">
   		<voice sentence="Im the Prince of this Forest!"/>
    		<voice sentence="This is my forest!"/>
    		<voice sentence="How did you get here?"/>
    		<voice sentence="Stand still!"/>
	</voices>
	<loot capacity="800">
		<item id="2544" countmax="3" chance="6000"/>
		<item id="2260" countmax="1" chance="18000"/>
		<item id="2032" countmax="1" chance="5500"/>
		<item id="2689" countmax="1" chance="14000"/>
		<item id="2047" countmax="1" chance="22000"/>
		<item id="2198" countmax="1" chance="2000"/>
		<item id="2747" countmax="1" chance="7000"/>
		<item id="2652" countmax="1" chance="7000"/>
		<item id="2600" countmax="1" chance="9000"/>
		<item id="2177" countmax="1" chance="1000"/>
		<item id="2682" countmax="1" chance="22000"/>
		<item id="2642" countmax="1" chance="13000"/>
		<item id="1949" countmax="1" chance="30000"/>
		<item id="2802" countmax="1" chance="5000"/>
		<item id="2401" countmax="1" chance="11000"/>
		<item id="2189" countmax="1" chance="1000"/>
		<item id="2154" countmax="1" chance="200"/>
	</loot>
</monster>