<?xml version="1.0" encoding="UTF-8"?>
<monster name="Sorcerer" nameDescription="a sorcerer" race="blood" experience="2500" speed="390" manacost="0">
	<health now="1500" max="1500"/>
	<look type="130" head="21" body="113" legs="57" feet="116" corpse="3128" addons="1"/>
	<targetchange interval="2000" chance="5"/>
	<strategy attack="80" defense="10"/>
	<flags>
		<flag summonable="0"/>
		<flag attackable="1"/>
		<flag hostile="1"/>
		<flag illusionable="0"/>
		<flag convinceable="0"/>
		<flag pushable="0"/>
		<flag canpushitems="1"/>
		<flag canpushcreatures="1"/>
		<flag targetdistance="1"/>
		<flag runonhealth="0"/>
	</flags>
	<attacks>
		<attack name="melee" interval="2000" skill="40" attack="40"/>
		<attack name="death" interval="2000" chance="100" range="7" min="-250" max="-320">
			<attribute key="shootEffect" value="suddendeath"/>
		</attack>
		<attack name="fire" interval="5000" chance="80" range="7" radius="2" target="1" min="-100" max="-200">
			<attribute key="shootEffect" value="fire"/>
			<attribute key="areaEffect" value="firearea"/>
		</attack>
	</attacks>
	<defenses armor="45" defense="50">
		<defense name="healing" interval="4000" chance="100" min="700" max="1100">
			<attribute key="areaEffect" value="blueshimmer"/>
		</defense>
		<defense name="speed" interval="5000" chance="30" speedchange="700" duration="20000">
			<attribute key="areaEffect" value="redshimmer"/>
		</defense>
	</defenses>
	<elements>
	<element energyPercent="50"/>
		<element earthPercent="50"/>
			<element firePercent="50"/>
				<element icePercent="50"/>
					<element deathPercent="50"/>
						<element physicalPercent="50"/>
	</elements>
	<immunities>
		<immunity physical="0"/>
		<immunity energy="0"/>
		<immunity fire="0"/>
		<immunity poison="0"/>
		<immunity lifedrain="0"/>
		<immunity paralyze="0"/>
		<immunity outfit="0"/>
		<immunity drunk="0"/>
		<immunity invisible="1"/>
	</immunities>
	<summons maxSummons="2">
		<summon name="orc berserker" interval="3000" chance="40" max="2"/>
	</summons>
	<voices interval="5000" chance="100">
    <voice sentence="Noob!!" yell="1"/>
	</voices>
	<loot capacity="800">
		<item id="2544" countmax="13" chance="27000"/>
		<item id="2456" countmax="1" chance="13000"/>
		<item id="2487" countmax="1" chance="600"/>
		<item id="2491" countmax="1" chance="500"/>
		<item id="2488" countmax="1" chance="500"/>
		<item id="2519" countmax="1" chance="400"/>
		<item id="2392" countmax="1" chance="500"/>
		<item id="2148" countmax="100" chance="60000"/>
		<item id="2681" countmax="1" chance="20000"/>
		<item id="2652" countmax="1" chance="8000"/>
		<item id="2071" countmax="1" chance="15000"/>
		<item id="2666" countmax="2" chance="18000"/>
		<item id="2164" countmax="1" chance="500"/>
		<item id="2744" countmax="1" chance="20000"/>
		<item id="2120" countmax="1" chance="20000"/>
		<item id="2661" countmax="1" chance="12000"/>
		<item id="1949" countmax="1" chance="45000"/>
		<item id="2377" countmax="1" chance="1500"/>
		<item id="2391" countmax="1" chance="1000"/>		
	</loot>
</monster>