<?xml version="1.0" encoding="UTF-8"?>
<monster name="Balghordan" nameDescription="Balghordan" race="venom" experience="900" speed="3000" manacost="0">
<health now="5000000" max="5000000"/>
<look type="354" corpse="8593"/>
<targetchange interval="5000" chance="12"/>
<strategy attack="150" defense="0"/>
<flags>
<flag summonable="0"/>
<flag attackable="1"/>
<flag hostile="1"/>
<flag illusionable="0"/>
<flag convinceable="0"/>
<flag pushable="1"/>
<flag canpushitems="1"/>
<flag canpushcreatures="0"/>
<flag targetdistance="1"/>
<flag staticattack="90"/>
<flag runonhealth="0"/>
</flags>
<attacks>
<attack name="melee" interval="1000" skill="210" attack="226"/>
<attack name="poison" interval="2000" chance="50" range="1" radius="1" target="1" min="-1115" max="-1515">
<attribute key="areaEffect" value="poison"/>
</attack>
<attack name="fire" interval="2000" chance="70" range="7" radius="7" target="1" min="-1700" max="-1900">
      <attribute key="shootEffect" value="fire"/>
      <attribute key="areaEffect" value="firearea"/>
    </attack>
<attack name="death" interval="2000" chance="40" radius="9" target="0" min="-1200" max="-2500">
 <attribute key="areaEffect" value="mortarea"/>
    </attack>
<attack name="manadrain" interval="2000" chance="10" radius="10" target="0" min="-2500" max="-2800">
      <attribute key="areaEffect" value="energyarea"/>
    </attack>
<attack name="lifedrain" interval="2000" chance="10" radius="14" target="0" min="-1000" max="-1800">
      <attribute key="areaEffect" value="greenshimmer"/>
    </attack>
    <attack name="poisoncondition" interval="2000" chance="50" length="0" spread="0" min="-1000" max="-2000">
      <attribute key="areaEffect" value="greenspark"/>
</attack>
</attacks>
  <summons maxSummons="16">
    <summon name="champion defiler" interval="4000" chance="93"/>
    <summon name="champion warlock" interval="4000" chance="93"/>
    <summon name="champion grim reaper" interval="4000" chance="93"/>
    <summon name="champion bog rider" interval="4000" chance="93"/>
    <summon name="champion fury" interval="4000" chance="93"/>
    <summon name="champion blightwalker" interval="4000" chance="93"/>
  </summons>
<defenses armor="50" defense="80"/>
<immunities>
<immunity paralyze="1"/>
<immunity invisible="1"/>
</immunities>
<voices interval="5000" chance="10">
<voice sentence="NOOB!"/>
</voices>
<loot>
<item id="2160" countmax="100" chance="36500"/><!-- gold coin -->
<item id="8881" chance="10000"/><!-- terramite legs -->
<item id="2500" chance="10000"/><!-- terramite eggs -->
<item id="8903" chance="10000"/><!-- terramite shell -->
</loot>
</monster>