<?xml version="1.0" encoding="UTF-8"?>
<monster name="Emperium" nameDescription="a emperiume" race="undead" experience="0" speed="0" manacost="0">
  <health now="500000" max="500000"/>
	<look typeex="8636"/>
  <targetchange interval="5000" chance="8"/>
  <strategy attack="100" defense="0"/>
	<script>
		<event name="empe_broken"/>
		<event name="empe_dmg"/>
	</script>
  <flags>
    <flag summonable="0"/>
    <flag attackable="1"/>
    <flag hostile="1"/>
    <flag illusionable="0"/>
    <flag convinceable="0"/>
    <flag pushable="0"/>
    <flag canpushitems="0"/>
    <flag canpushcreatures="0"/>
    <flag targetdistance="0"/>
    <flag staticattack="90"/>
    <flag runonhealth="10"/>
  </flags>
  <attacks>
  </attacks>
  <defenses armor="0" defense="0"/>
  <immunities>
    <immunity lifedrain="0"/>
    <immunity paralyze="0"/>
    <immunity outfit="0"/>
    <immunity drunk="0"/>
    <immunity invisible="0"/>
  </immunities>
  <voices interval="5000" chance="10">
  </voices>
  <loot>
  </loot>
</monster>
