<?xml version="1.0" encoding="UTF-8"?>
<monster name="Ice Crystal" nameDescription="a Ice Crystal" race="blood" experience="500000" speed="0" manacost="0">
  <health now="800000" max="800000"/>
  <look typeex="9785" head="20" body="30" legs="40" feet="50" corpse="0"/>
  <targetchange interval="2000" chance="0"/>
   <strategy attack="0" defense="0"/>
   <script>
	</script>
  <flags>
    <flag summonable="1"/>
    <flag attackable="1"/>
    <flag hostile="0"/>
    <flag illusionable="1"/>
    <flag convinceable="1"/>
    <flag pushable="1"/>
    <flag canpushitems="0"/>
    <flag canpushcreatures="0"/>
    <flag targetdistance="1"/>
    <flag staticattack="90"/>
    <flag runonhealth="8"/>
  </flags>
  <attacks>
    <attack name="melee" interval="2000" skill="0" attack="0"/>
  </attacks>
  <defenses armor="1" defense="2"/>
  <immunities>
    <immunity physical="0"/>
    <immunity energy="0"/>
    <immunity fire="0"/>
    <immunity poison="0"/>
    <immunity lifedrain="0"/>
    <immunity paralyze="0"/>
    <immunity outfit="0"/>
    <immunity drunk="0"/>
    <immunity invisible="0"/>
  </immunities>
  <voices interval="5000" chance="10">
    <voice sentence=""/>
  </voices>
</monster>