<?xml version="1.0"?>
<monsters>
	<!-- Defend the Towers (ChaitoSoft - Desenvolvedores Open Tibia) -->
	<monster name="red supreme tower" file="DTT/red supreme tower.xml"/>
	<monster name="blue supreme tower" file="DTT/blue supreme tower.xml"/>
	<monster name="red top tower" file="DTT/red top tower.xml"/>
	<monster name="blue top tower" file="DTT/blue top tower.xml"/>
	<monster name="blue middle tower" file="DTT/blue middle tower.xml"/>
	<monster name="red middle tower" file="DTT/red middle tower.xml"/>
	<monster name="blue bottom tower" file="DTT/blue bottom tower.xml"/>
	<monster name="red bottom tower" file="DTT/red bottom tower.xml"/>
	<monster name="serpent of jungle" file="DTT/serpent of jungle.xml"/>
	<monster name="spider of jungle" file="DTT/spider of jungle.xml"/>

	<!-- Demon -->
	<monster name="Achad" file="demon/achad.xml"/>
	<monster name="Crazed Beggar" file="demon/Crazed Beggar.xml"/>
	<monster name="Black Sheep" file="demon/black sheep.xml"/>
	<monster name="Demon" file="demon/demon.xml"/>
	<monster name="Draken Spellweaver" file="demon/Draken Spellweaver.xml"/>
	<monster name="Draken Warmaster" file="demon/Draken Warmaster.xml"/>
	<monster name="Gang member" file="demon/gang member.xml"/>
	<monster name="Gladiator" file="demon/Gladiator.xml"/>
	<monster name="Lizard Chosen" file="demon/Lizard Chosen.xml"/>
	<monster name="Mammoth" file="demon/mammoth.xml"/>
	<monster name="Spirit of Jack" file="demon/Spirit of Jack.xml"/>
	<monster name="Stalker" file="demon/stalker.xml"/>
	<monster name="War Golem" file="demon/War Golem.xml"/>

	<!-- Donates Demons -->
	<monster name="Brimstone Bug" file="Donate Demons/Brimstone Bug.xml"/>
	<monster name="Donate Blemmyae" file="Donate Demons/Donate Blemmyae.xml"/>
	<monster name="Donate Demon" file="Donate Demons/Donate Demon.xml"/>
	<monster name="rhyder" file="Donate Demons/rhyder.xml"/>
	<monster name="spectre" file="Donate Demons/spectre.xml"/>
	
	<!-- Demon Vip III -->
	<monster name="Demon Vip III" file="Demon Vip III/demon vip iii.xml"/>
	<monster name="Ferumbras Vip III" file="Demon Vip III/ferumbras vip iii.xml"/>
	<monster name="Frost Dragon Vip III" file="Demon Vip III/frost dragon vip iii.xml"/>
	<monster name="Infernatil Vip III" file="Demon Vip III/infernatil vip iii.xml"/>
	
	<!-- Dragon Lord Vip III -->
	<monster name="Zarabustor Vip III" file="Dragon Lord III/zarabustor vip iii.xml"/>
	<monster name="Bandit Vip III" file="Dragon Lord III/bandit vip iii.xml"/>
	<monster name="Dragon Lord Vip III" file="Dragon Lord III/dragon lord vip iii.xml"/>
	
	<!-- Warlock Vip III -->
	<monster name="Pythius Vip III" file="Warlock III/pythius vip iii.xml"/>
	<monster name="Target Vip III" file="Warlock III/target vip iii.xml"/>
	<monster name="Warlock Vip III" file="Warlock III/warlock vip iii.xml"/>
	<monster name="Yakchal Vip III" file="Warlock III/yakchal vip iii.xml"/>
	
	<!-- Grim III -->
	<monster name="Grim Reaper Vip III" file="Grim III/grim reaper vip iii.xml"/>
	<monster name="Lavahole Vip III" file="Grim III/lavahole vip iii.xml"/>	
	<monster name="Orshabaal Vip III" file="Grim III/orshabaal vip iii.xml"/>	
	<monster name="Poacher Vip III" file="Grim III/poacher vip iii.xml"/>
	<monster name="Primitive Vip III" file="Grim III/primitive vip iii.xml"/>
	
	<!-- Zombie Event -->
	<monster name="Event Zombie" file="Event Zombie.xml"/>
	<monster name="Trainner" file="Trainer TPTPTP.xml"/>
	<monster name="Treinner" file="Trainer.xml"/>
	
	<!-- Vip III -->
    <monster name="Gerador Vermelho" file="Gerador Vermelho.xml"/>
	<monster name="Gerador" file="Gerador.xml"/>
    <monster name="Gerador Verde" file="Gerador Verde.xml"/>
	<monster name="Apoca Vip III" file="vips3/apoca vip iii.xml"/>
	<monster name="Hand Vip III" file="vips3/hand vip iii.xml"/>
	<monster name="Hydra Vip III" file="vips3/hydra vip iii.xml"/>
	<monster name="Medusa Vip III" file="vips3/medusa vip iii.xml"/>
	<monster name="werewolf" file="werewolf.xml"/>

	<!-- Vitor -->
	<monster name="Jabuti" file="Vitor/Jabuti.xml"/>
	<monster name="Jabuti Hatchling" file="Vitor/Jabuti Hatchling.xml"/>
	<monster name="Lobo" file="Vitor/Lobo.xml"/>
	<monster name="Menino Verde" file="Vitor/Menino Verde.xml"/>
	<monster name="Menino Verde No Lobo" file="Vitor/Menino Verde No Lobo.xml"/>
	<monster name="Plebeu Engajado" file="Vitor/Plebeu Engajado.xml"/>
	<monster name="Patricio" file="Vitor/Patricio.xml"/>
	<monster name="Wind Minion" file="Vitor/Wind Minion.xml"/>
	<monster name="Mariun Warrior" file="Vitor/Mariun Warrior.xml"/>
	<monster name="Mariun Ranger" file="Vitor/Mariun Ranger.xml"/>
	<monster name="Mariun Wyzard" file="Vitor/Mariun Wyzard.xml"/>
	<monster name="Gonka" file="Vitor/Gonka.xml"/>
	<monster name="Chupa Cabra" file="Vitor/Chupa Cabra.xml"/>
	<monster name="Lagarto Guerreiro" file="Vitor/Lagarto Guerreiro.xml"/>
	<monster name="Thunder Lord" file="Vitor/Thunder Lord.xml"/>
	<monster name="Swamp Lord" file="Vitor/Swamp Lord.xml"/>
	<monster name="Lava Lord" file="Vitor/Lava Lord.xml"/>
	<monster name="Dark Lord" file="Vitor/Dark Lord.xml"/>
	<monster name="Rei Tywin" file="Vitor/Rei Tywin.xml"/>
	<monster name="The BOSS STRIKER" file="Vitor/The BOSS STRIKER.xml"/>
	<monster name="Naz'Gul" file="Vitor/Naz'Gul.xml"/>
	<monster name="Amon" file="Vitor/Amon.xml"/>
	<monster name="Alma Penada" file="Vitor/Alma Penada.xml"/>
	<monster name="Ice Ricardo" file="Vitor/Ice Ricardo.xml"/>
	<monster name="Thenebreus" file="Vitor/Thenebreus.xml"/>
	<monster name="Dont Lure" file="Vitor/Dont Lure.xml"/>
	<monster name="Pigglet" file="Vitor/Pigglet.xml"/>
	<monster name="Ancient Boss" file="Vitor/Ancient Boss.xml"/>
	<monster name="Hydroruga" file="Vitor/Hydroruga.xml"/>
	
	
	<!--Bixos Mega QUEST Itens-->
    <monster name="Brutus Fire Elemental" file="megaquestitens/Brutus Fire Elemental.xml"/>
    <monster name="Esqueleto duz inferno" file="megaquestitens/esqueleto duz inferno.xml"/>
    <monster name="Chief Dark Torturer" file="megaquestitens/Chief Dark Torturer.xml"/>
    <monster name="Master Diabolic Imp" file="megaquestitens/Master Diabolic Imp.xml"/>
    <monster name="The Jugger Naut" file="megaquestitens/The Jugger Naut.xml"/>
    <monster name="Crazy Nightmare" file="megaquestitens/Crazy Nightmare.xml"/>
    <monster name="Master Plaguesmith" file="megaquestitens/Master Plaguesmith.xml"/>
    <monster name="The Maximum Hand" file="megaquestitens/The Maximum Hand.xml"/>
    <monster name="Sir Morgaroth" file="megaquestitens/Sir Morgaroth.xml"/>
    <monster name="Titanium Behemoth" file="megaquestitens/Titanium Behemoth.xml"/>
    <monster name="Crystal Spider Abomination" file="megaquestitens/Crystal Spider Abomination.xml"/>
    <monster name="The Super Old Widow" file="megaquestitens/The Super Old Widow.xml"/>
    <monster name="Head Braindeath" file="megaquestitens/Head Braindeath.xml"/>
    <monster name="Chief Defiler" file="megaquestitens/Chief Defiler.xml"/>
    <monster name="Master Fire Demodras" file="megaquestitens/Master Fire Demodras.xml"/>
    <monster name="Master Chief Ferumbras" file="megaquestitens/Master Chief Ferumbras.xml"/>
    <monster name="Latrivan" file="megaquestitens/Latrivan.xml"/>
    <monster name="The Bossing Ice Brutus" file="megaquestitens/The Bossing Ice Brutus.xml"/>
    <monster name="Chief Destroyer" file="megaquestitens/Chief Destroyer.xml"/>
    <monster name="Dracola Of The Fiery" file="megaquestitens/Dracola Of The Fiery.xml"/>
    <monster name="Abomination Giant" file="megaquestitens/Abomination Giant.xml"/>



	<!-- baroes -->
	<monster name="[BDM] Red Skull" file="baroes/Red Skull.xml"/>
	<monster name="[BDM] Black Skull" file="baroes/Black Skull.xml"/>
	<monster name="[BDM] Yellow Skull" file="baroes/Yellow Skull.xml"/>
	<monster name="[BDM] White Skull" file="baroes/White Skull.xml"/>
	<monster name="Trapo Mermo" file="baroes/Trapo Mermo.xml"/>
	<monster name="Exp" file="baroes/Exp.xml"/>
	<monster name="Noob" file="baroes/Noob.xml"/>
	<monster name="Guarda costas do GOD" file="baroes/Guarda costas do GOD.xml"/>
	<monster name="Verminor" file="baroes/Verminor.xml"/>
	<monster name="Balghordan" file="Balghordan.xml"/>
	<monster name="Alpha Tower" file="Alpha Tower.xml"/>
	
	<!-- alissow Monsters -->
	<monster name="morgaroth girl" file="alissow/morgaroth girl.xml"/>
	<monster name="Baron Of The Room" file="alissow/Baron Of The Room.xml"/>
	<monster name="Breeze" file="alissow/Breeze.xml"/>
	<monster name="Ghost Morgaroth" file="alissow/Ghost Morgaroth.xml"/>
	<monster name="Green Phantom" file="alissow/Green Phantom.xml"/>
	<monster name="Lavanos" file="alissow/Lavanos.xml"/>	
	<monster name="Rainbow Morgaroth" file="alissow/Rainbow Morgaroth.xml"/>
	<monster name="New8" file="alissow/New8.xml"/>
	<monster name="swamp morgaroth" file="alissow/swamp morgaroth.xml"/>
	<monster name="The Fastest Turtle" file="alissow/The Fastest Turtle.xml"/>
	<monster name="undead morgaroth" file="alissow/undead morgaroth.xml"/>
	<monster name="Abomination Fury" file="alissow/Abomination Fury.xml"/>
	<monster name="Draken Abomination" file="alissow/Draken Abomination.xml"/>
	<monster name="Draken Elite" file="alissow/Draken Elite.xml"/>
	<monster name="Finger Killer" file="alissow/Finger Killer.xml"/>
	<monster name="Living Plant" file="alissow/Living Plant.xml"/>
	<monster name="Lizard Abomination" file="alissow/Lizard Abomination.xml"/>
	<monster name="Phantom Lord" file="alissow/Phantom Lord.xml"/>
	<monster name="Purple Turtle" file="alissow/Purple Turtle.xml"/>
	<monster name="Snake God Essence" file="alissow/Snake God Essence.xml"/>
	<monster name="Souleater" file="alissow/Souleater.xml"/>
	
	
	
	
	
	<monster name="Phelps" file="baroes/Phelps.xml"/>
	<monster name="Shark" file="baroes/Shark.xml"/>
	<monster name="Beta" file="baroes/Beta.xml"/>

	<!-- addons -->
	<monster name="Druida" file="addons/Druida.xml"/>
	<monster name="Wizard" file="addons/Wizard.xml"/>
	<monster name="Oriental" file="addons/Oriental.xml"/>
	<monster name="Pirate" file="addons/Pirate.xml"/>
	<monster name="Assassinn" file="addons/Assassinn.xml"/>
	<monster name="Beggar" file="addons/Beggar.xml"/>
	<monster name="Shaman" file="addons/Shaman.xml"/>
	<monster name="Norseman" file="addons/Norseman.xml"/>
	<monster name="Nightmaree" file="addons/Nightmaree.xml"/>
	<monster name="Jester" file="addons/Jester.xml"/>
	<monster name="Brotherhood" file="addons/Brotherhood.xml"/>
	<monster name="Demonhunter" file="addons/Demonhunter.xml"/>
	<monster name="Yalaharian" file="addons/Yalaharian.xml"/>
	<monster name="Citizen" file="addons/Citizen.xml"/>
	<monster name="Hunterr" file="addons/Hunterr.xml"/>
	<monster name="Mage" file="addons/Mage.xml"/>
	<monster name="Knight" file="addons/Knight.xml"/>
	<monster name="Nobleman" file="addons/Nobleman.xml"/>
	<monster name="Summoner" file="addons/Summoner.xml"/>
	<monster name="Warrior" file="addons/Warrior.xml"/>
	<monster name="Barbarian" file="addons/Barbarian.xml"/>
	
	<!-- addons bosses -->
	<monster name="Jack Sparrow" file="addons bosses/Jack Sparrow.xml"/>
	<monster name="Orochimaru" file="addons bosses/Orochimaru.xml"/>
	<monster name="Merlin" file="addons bosses/Merlin.xml"/>
	<monster name="Constantine" file="addons bosses/Constantine.xml"/>
	<monster name="Conan o Barbaro" file="addons bosses/Conan o Barbaro.xml"/>
	<monster name="Konga" file="addons bosses/Konga.xml"/>
	<monster name="Esquimoh" file="addons bosses/Esquimoh.xml"/>
	<monster name="Lament of Innocence" file="addons bosses/Lament of Innocence.xml"/>
	<monster name="King Arthur" file="addons bosses/King Arthur.xml"/>
	<monster name="Drako" file="addons bosses/Drako.xml"/>
	<monster name="Chaos" file="addons bosses/Chaos.xml"/>
	<monster name="Alucard" file="addons bosses/Alucard.xml"/>
	<monster name="Symphony of the Night" file="addons bosses/Symphony of the Night.xml"/>
	<monster name="Espirito da Natureza" file="addons bosses/Espirito da Natureza.xml"/>
	<monster name="Catatau" file="addons bosses/Catatau.xml"/>
	<monster name="Moby Dick" file="addons bosses/Moby Dick.xml"/>
	<monster name="Coringa" file="addons bosses/Coringa.xml"/>
	<monster name="Robin Hood" file="addons bosses/Robin Hood.xml"/>
	<monster name="Belmont's Revenge" file="addons bosses/Belmont's Revenge.xml"/>
	<monster name="Gaia" file="addons bosses/Gaia.xml"/>
	<monster name="Gentleman" file="addons bosses/Gentleman.xml"/>
	
	
	<!--8.54-->
    <monster name="Gnarlhound" file="8.54/Gnarlhound.xml"/>
    <monster name="Insect Swarm" file="8.54/Insect Swarm.xml"/>
    <monster name="Killer Caiman" file="8.54/Killer Caiman.xml"/>
    <monster name="Lancer Beetle" file="8.54/Lancer Beetle.xml"/>
    <monster name="Lizard Dragon Priest" file="8.54/Lizard Dragon Priest.xml"/>
    <monster name="Lizard High Guard" file="8.54/Lizard High Guard.xml"/>
    <monster name="Lizard Legionnaire" file="8.54/Lizard Legionnaire.xml"/>
    <monster name="Lizard Zaogun" file="8.54/Lizard Zaogun.xml"/>
    <monster name="Orc Marauder" file="8.54/Orc Marauder.xml"/>
    <monster name="Sandcrawler" file="8.54/Sandcrawler.xml"/>
    <monster name="Terramite" file="8.54/Terramite.xml"/>
    <monster name="Ghastly Dragon" file="8.54/Ghastly Dragon.xml"/>
    <monster name="Wailing Widow" file="8.54/Wailing Widow.xml"/> 
    <monster name="Eternal Guardian" file="8.54/Eternal Guardian.xml"/> 	
    <monster name="Battlemaster Zunzu" file="8.54/Battlemaster Zunzu.xml"/> 
	
	<!--8.4-->
        <monster name="Acid Blob" file="8.4/acid blob.xml"/>
	<monster name="Medusa" file="Medusa.xml"/>
	<monster name="Damaged worker golem" file="8.4/damaged worker golem.xml"/>
	<monster name="Death Blob" file="8.4/Death blob.xml"/>
	<monster name="Gozzler" file="8.4/Gozzler.xml"/>
	<monster name="Haunted treeling" file="8.4/haunted treeling.xml"/>	
	<monster name="Hellspawn" file="8.4/hellspawn.xml"/>	
	<monster name="Infernalist" file="8.4/Infernalist.xml"/>	
	<monster name="Mercury Blob" file="8.4/Mercury blob.xml"/>
	<monster name="Mutated Rat" file="8.4/mutated rat.xml"/>
	<monster name="Mutated Human" file="8.4/mutated human.xml"/>	
	<monster name="Mutated Bat" file="8.4/Mutated bat.xml"/>
	<monster name="Mutated tiger" file="8.4/mutated tiger.xml"/>
	<monster name="The Mutated Pumpkin" file="8.4/The Mutated Pumpkin.xml"/>	
	<monster name="Nightmare Scion" file="8.4/Nightmare Scion.xml"/>
	<monster name="Nightstalker" file="8.4/nightstalker.xml"/>	
	<monster name="Vampire Bride" file="8.4/Vampire Bride.xml"/>	
	<monster name="Worker golem" file="8.4/worker golem.xml"/>	
	<monster name="Zombie" file="8.4/Zombie.xml"/>
	<monster name="Pythius the Rotten" file="8.4/Pythius the rotten.xml"/>
        <monster name="Lavahole" file="8.4/lavahole.xml"/>
	<monster name="Yalahari" file="yalahari.xml"/>
	<monster name="Diseased Dan" file="Diseased Dan.xml"/>
	<monster name="Ortheus" file="outlaws/bandit.xml"/>
	<monster name="assassin" file="outlaws/assassin.xml"/>
	<monster name="hunter" file="outlaws/hunter.xml"/>
	<monster name="Ethan" file="outlaws/bandit.xml"/>
	<monster name="Zarak" file="outlaws/bandit.xml"/>
	<monster name="diseased bill" file="outlaws/bandit.xml"/>
	<monster name="Tamerin" file="outlaws/bandit.xml"/>
	<monster name="Seagull" file="birds/seagull.xml"/>
	<monster name="Butterfly" file="insects/pink butterfly.xml"/>
	<monster name="Undead gladiator" file="8.4/undead gladiator.xml"/>	
	
	<!--10th anniversary-->
	<monster name="Bones" file="10th anniversary/bones.xml" />
	<monster name="Fluffy" file="10th anniversary/fluffy.xml" />
	<monster name="Grynch Clan Goblin" file="10th anniversary/grynch clan goblin.xml" />
	<monster name="Hacker" file="10th anniversary/hacker.xml" />
	<monster name="Minishabaal" file="10th anniversary/minishabaal.xml"/>
	<monster name="Primitive" file="10th anniversary/primitive.xml" />
	<monster name="Tibia Bug" file="10th anniversary/tibia bug.xml" />
	<monster name="Undead Minion" file="10th anniversary/undead minion.xml" />
	
	<!-- Amazons -->
	<monster name="Amazon" file="amazons/amazon.xml"/>        
	<monster name="Valkyrie" file="amazons/valkyrie.xml"/>
	<monster name="Xenia" file="amazons/xenia.xml"/>
	
	<!-- Annelids -->
	<monster name="Carrion Worm" file="annelids/carrion worm.xml"/>
	<monster name="Rotworm" file="annelids/rotworm.xml"/>
	<monster name="Rotworm Queen" file="annelids/rotworm queen.xml"/>
	
	<!-- Apes -->
	<monster name="Kongra" file="apes/kongra.xml"/>
	<monster name="Hairman the Huge" file="apes/hairman the huge.xml"/>
	<monster name="merlkin" file="apes/merlkin.xml"/>
	<monster name="Sibang" file="apes/sibang.xml"/>
	
	<!-- Arachnids -->
	<monster name="Crystal Spider" file="arachnids/crystal spider.xml"/>
	<monster name="Giant Spider" file="arachnids/giant spider.xml"/>
	<monster name="Poison Spider" file="arachnids/poison spider.xml"/>
	<monster name="Scorpion" file="arachnids/scorpion.xml"/>
	<monster name="Spider" file="arachnids/spider.xml"/>
	<monster name="Tarantula" file="arachnids/tarantula.xml"/>
	<monster name="The old widow" file="arachnids/the old widow.xml"/>
	
	<!-- Arena -->
		<!-- Greenhorn -->
	<monster name="Axeitus Headbanger" file="arena/greenhorn/axeitus headbanger.xml"/>
	<monster name="Bloodpaw" file="arena/greenhorn/bloodpaw.xml"/>
	<monster name="Bovinus" file="arena/greenhorn/bovinus.xml"/>
	<monster name="Colerian The Barbarian" file="arena/greenhorn/colerian the barbarian.xml"/>
	<monster name="Cursed Gladiator" file="arena/greenhorn/cursed gladiator.xml"/>
	<monster name="Frostfur" file="arena/greenhorn/frostfur.xml"/>
	<monster name="Orcus the Cruel" file="arena/greenhorn/orcus the cruel.xml"/>
	<monster name="Rocky" file="arena/greenhorn/rocky.xml"/>
	<monster name="The Hairy One" file="arena/greenhorn/the hairy one.xml"/>
	
		<!-- Scrapper -->
	<monster name="Avalanche" file="arena/scrapper/avalanche.xml"/>
	<monster name="Drasilla" file="arena/scrapper/drasilla.xml"/>
	<monster name="Grimgor Guteater" file="arena/scrapper/grimgor guteater.xml"/>
	<monster name="Kreebosh the Exile" file="arena/scrapper/kreebosh the exile.xml"/>
	<monster name="Slim" file="arena/scrapper/slim.xml"/>
	<monster name="Spirit of Earth" file="arena/scrapper/spirit of earth.xml"/>
	<monster name="Spirit of Fire" file="arena/scrapper/spirit of fire.xml"/>
	<monster name="Spirit of Water" file="arena/scrapper/spirit of water.xml"/>
	<monster name="The Dark Dancer" file="arena/scrapper/the dark dancer.xml"/>
	<monster name="The Hag" file="arena/scrapper/the hag.xml"/>
	
		<!-- Warlord -->
	<monster name="Darakan the Executioner" file="arena/warlord/darakan the executioner.xml"/>
	<monster name="Deathbringer" file="arena/warlord/deathbringer.xml"/>
	<monster name="Fallen Mooh'tah Master Ghar" file="arena/warlord/fallen mooh'tah master ghar.xml"/>
	<monster name="Gnorre Chyllson" file="arena/warlord/gnorre chyllson.xml"/>
	<monster name="Norgle Glacierbeard" file="arena/warlord/norgle glacierbeard.xml"/>
	<monster name="Svoren the Mad" file="arena/warlord/svoren the mad.xml"/>
	<monster name="The Masked Marauder" file="arena/warlord/the masked marauder.xml"/>
	<monster name="The Obliverator" file="arena/warlord/the obliverator.xml"/>
	<monster name="The Pit Lord" file="arena/warlord/the pit lord.xml"/>
	<monster name="Webster" file="arena/warlord/webster.xml"/>	
	
	<!-- Barbarians -->
	<monster name="Barbarian Bloodwalker" file="barbarians/barbarian bloodwalker.xml"/>
	<monster name="Barbarian Brutetamer" file="barbarians/barbarian brutetamer.xml"/>
	<monster name="Barbarian Headsplitter" file="barbarians/barbarian headsplitter.xml"/>
	<monster name="Barbarian Skullhunter" file="barbarians/barbarian skullhunter.xml"/>
	<monster name="Barbaria" file="barbarians/Barbaria.xml"/>
	
	<!-- Bears -->
	<monster name="Bear" file="bears/bear.xml"/>
	<monster name="Panda" file="bears/panda.xml"/>
	<monster name="Polar Bear" file="bears/polar bear.xml"/>
	
	<!-- Beholders -->
	<monster name="Braindeath" file="beholders/braindeath.xml"/>
	<monster name="Beholder" file="beholders/beholder.xml"/>
	<monster name="Elder Beholder" file="beholders/elder beholder.xml"/>
	<monster name="Gazer" file="beholders/gazer.xml"/>
	<monster name="The evil eye" file="beholders/the evil eye.xml"/>
	<monster name="eye of the seven" file="beholders/eye of the seven.xml"/>
	
	<!-- bio-elementals -->
	<monster name="Carniphila" file="bio-elementals/carniphila.xml"/>
	<monster name="Spit Nettle" file="bio-elementals/spit nettle.xml"/>
	<monster name="The Abomination" file="bio-elementals/The Abomination.xml"/>	
	<monster name="Son of Verminor" file="bio-elementals/son of verminor.xml"/>	
	<monster name="Son of Verminor summon" file="bio-elementals/son of verminor summon.xml"/>
	<monster name="Defiler" file="bio-elementals/defiler.xml"/>
	<monster name="Slime Summon" file="bio-elementals/slime summon.xml"/>
	<monster name="Slime" file="bio-elementals/slime.xml"/>
	<monster name="Bog Raider" file="bio-elementals/bog raider.xml"/>
	<monster name="Tiquandas Revenge" file="bio-elementals/Tiquandas Revenge.xml"/>
	
	<!-- Birds -->
	<monster name="Chicken" file="birds/chicken.xml"/>
	<monster name="Dire Penguin" file="birds/dire penguin.xml"/>
	<monster name="Flamingo" file="birds/flamingo.xml"/>
	<monster name="Penguin" file="birds/penguin.xml"/>
	<monster name="Terror Bird" file="birds/Terror Bird.xml"/>
	
	<!-- demon bosses -->
	<monster name="Bazir" file="demon bosses/Bazir.xml"/>
                  <monster name="Arabian" file="demon bosses/arabian.xml"/>
                  <monster name="The Fire Elemental" file="demon bosses/the fire.xml"/>
	<monster name="Infernatil" file="demon bosses/Infernatil.xml"/>
	<monster name="Zoralurk" file="demon bosses/zoralurk.xml"/>
                 <monster name="Dark Wizard" file="demon bosses/dark wizard.xml"/>                   
                 <monster name="The Spirit" file="demon bosses/the spirit.xml"/>
	<monster name="Apocalypse" file="demon bosses/apocalypse.xml"/>
                  <monster name="King of Baiak" file="demon bosses/king of baiak.xml"/>
	<monster name="Ghazbaran" file="demon bosses/ghazbaran.xml"/>
	<monster name="Morgaroth" file="demon bosses/morgaroth.xml"/>
                  <monster name="Abominator" file="demon bosses/abominator.xml"/>
                  <monster name="Dark Abominator" file="demon bosses/Dark Abominator.xml"/>                  
	<monster name="Orshabaal" file="demon bosses/orshabaal.xml"/>
                  <monster name="Magician" file="demon bosses/magician.xml"/>
                  <monster name="Lobisomen" file="demon bosses/lobisomen.xml"/>
                  <monster name="Fada" file="demon bosses/fada.xml"/>
                  <monster name="Shadow Warrior" file="demon bosses/shadow warrior.xml"/>                  
                  <monster name="Lord Frost Dragon" file="demon bosses/lord frost dragon.xml"/>
	
	<!-- Canines -->
	<monster name="Dog" file="canines/dog.xml"/>
	<monster name="Hellhound" file="canines/hellhound.xml"/>
	<monster name="War wolf" file="canines/war wolf.xml"/>
	<monster name="Winter wolf" file="canines/winter wolf.xml"/>
	<monster name="Wolf" file="canines/wolf.xml"/>
	
	<!-- Chakoyas -->
	<monster name="Chakoya toolshaper" file="chakoyas/chakoya toolshaper.xml"/>
	<monster name="Chakoya tribewarden" file="chakoyas/chakoya tribewarden.xml"/>
	<monster name="Chakoya windcaller" file="chakoyas/chakoya windcaller.xml"/>
	
	<!-- Crustaceans -->
	<monster name="Blood Crab" file="crustaceans/blood crab.xml"/>
	<monster name="Crab" file="crustaceans/crab.xml"/>
	
	<!-- Cryo-elementals -->
	<monster name="Ice Golem" file="cryo-elementals/ice golem.xml"/>
	<monster name="Yeti" file="cryo-elementals/yeti.xml"/>
	
	<!-- Cultists -->
	<monster name="Acolyte of the Cult" file="cultists/acolyte of the cult.xml"/>
	<monster name="Adept of the Cult" file="cultists/adept of the cult.xml"/>
	<monster name="Enlightened of the Cult" file="cultists/enlightened of the cult.xml"/>
	<monster name="Novice of the Cult" file="cultists/novice of the cult.xml"/>
	<monster name="Grandfather Tridian" file="cultists/grandfather tridian.xml"/>
	
	<!-- Demons -->
	<monster name="Ungreez" file="demons/Ungreez.xml"/>
	<monster name="Dark Torturer" file="demons/dark torturer.xml"/>
    <monster name="Lord of Demon" file="demons/lord of demon.xml"/>
	<monster name="Destroyer" file="demons/destroyer.xml"/>
	<monster name="Diabolic Imp" file="demons/diabolic imp.xml"/>
	<monster name="Fire Devil" file="demons/fire devil.xml"/>
	<monster name="Fury" file="demons/fury.xml"/>
	<monster name="Hand of Cursed Fate" file="demons/hand of cursed fate.xml"/>
	<monster name="Juggernaut" file="demons/juggernaut.xml"/>	
	<monster name="Plaguesmith" file="demons/plaguesmith.xml"/>
	<monster name="nightmare" file="demons/nightmare.xml"/>
	
	
	<!-- Djinns -->
	<monster name="Blue Djinn" file="djinns/blue djinn.xml"/>
	<monster name="Efreet" file="djinns/efreet.xml"/>
	<monster name="Green Djinn" file="djinns/green djinn.xml"/>
	<monster name="Marid" file="djinns/marid.xml"/>
	
	<!-- Dragons -->
	<monster name="Frost Dragon" file="dragons/Frost Dragon.xml"/>
                 	<monster name="Wyrm" file="dragons/Wyrm.xml"/>
	<monster name="Sea Serpent" file="dragons/Sea Serpent.xml"/>
	<monster name="Dragon Lord" file="dragons/dragon lord.xml"/>
	<monster name="Dragon" file="dragons/dragon.xml"/>
	<monster name="Hydra" file="dragons/hydra.xml"/>
	<monster name="Dragon Hatchling" file="dragons/dragon hatchling.xml" />
	<monster name="Dragon Lord Hatchling" file="dragons/dragon lord hatchling.xml" />
	<monster name="Frost Dragon Hatchling" file="dragons/frost dragon hatchling.xml" />
	<monster name="Demodras" file="dragons/Demodras.xml"/>

	<!-- Dwarves -->
	<monster name="Dwarf Geomancer" file="dwarves/dwarf geomancer.xml"/>
	<monster name="Dwarf Guard" file="dwarves/dwarf guard.xml"/>
	<monster name="Dwarf Soldier" file="dwarves/dwarf soldier.xml"/>
	<monster name="Dwarf" file="dwarves/dwarf.xml"/>
	<monster name="Foreman kneebiter" file="dwarves/foreman kneebiter.xml"/>
	<monster name="Mad Technomancer" file="dwarves/mad Technomancer.xml"/>
	
	<!-- Dworcs -->
	<monster name="Dworc fleshhunter" file="dworcs/dworc fleshhunter.xml"/>
	<monster name="Dworc venomsniper" file="dworcs/dworc venomsniper.xml"/>
	<monster name="Dworc voodoomaster" file="dworcs/dworc voodoomaster.xml"/>
	
	<!-- Elephants -->
	<monster name="Elephant" file="elephants/elephant.xml"/>
	
	<!-- Elves -->
	<monster name="Elf Arcanist" file="elves/elf arcanist.xml"/>
	<monster name="Elf Scout" file="elves/elf scout.xml"/>
	<monster name="Elf" file="elves/elf.xml"/>
	<monster name="Dharalion" file="elves/Dharalion.xml"/>
	
	<!--electro-elementals-->
	<monster name="Charged Energy Elemental" file="electro-elementals/Charged Energy Elemental.xml"/>
	<monster name="Energy Elemental" file="electro-elementals/Energy Elemental.xml"/>
	<monster name="Massive Energy Elemental" file="electro-elementals/Massive Energy Elemental.xml"/>
	<monster name="Overcharged Energy Elemental" file="electro-elementals/Overcharged Energy Elemental.xml"/>
	<monster name="Energy Overlord" file="electro-elementals/Energy Overlord.xml"/>
	
	<!-- Felines -->
	<monster name="Cat" file="felines/cat.xml"/>
	<monster name="Lion" file="felines/lion.xml"/>
	<monster name="Tiger" file="felines/tiger.xml"/>
	
	<!-- Frogs -->
	<monster name="Azure Frog" file="frogs/azure frog.xml"/>
	<monster name="Coral Frog" file="frogs/coral frog.xml"/>
	<monster name="Crimson Frog" file="frogs/crimson frog.xml"/>
	<monster name="Orchid Frog" file="frogs/orchid frog.xml"/>
	<monster name="Toad" file="frogs/toad.xml"/>
	
	<!-- Geo-elementals -->
	<monster name="Jagged Earth Elemental" file="geo-elementals/Jagged Earth Elemental.xml"/>
	<monster name="Muddy Earth Elemental" file="geo-elementals/Muddy Earth Elemental.xml"/>
	<monster name="Earth Elemental" file="geo-elementals/Earth Elemental.xml"/>
	<monster name="Massive Earth Elemental" file="geo-elementals/Massive Earth Elemental.xml"/>
	<monster name="Earth Overlord" file="geo-elementals/Earth Overlord.xml"/>
	<monster name="Gargoyle" file="geo-elementals/gargoyle.xml"/>
	<monster name="Stone Golem" file="geo-elementals/stone golem.xml"/>
	<monster name="Grorlam" file="geo-elementals/Grorlam.xml"/>
	
	<!-- Ghosts -->
	<monster name="ghost" file="ghosts/ghost.xml"/>
	<monster name="phantasm summon" file="ghosts/phantasm summon.xml"/>
	<monster name="phantasm" file="ghosts/phantasm.xml"/>
	<monster name="pirate ghost" file="ghosts/pirate ghost.xml"/>
	<monster name="Wisp" file="ghosts/wisp.xml"/>
	
	<!-- Giants -->
	<monster name="Frost Giant" file="giants/frost giant.xml"/>
	<monster name="Frost Giantess" file="giants/frost giantess.xml"/>	
	<monster name="Cyclops Smith" file="giants/Cyclops Smith.xml"/>
	<monster name="Cyclops Drone" file="giants/Cyclops Drone.xml"/>
	<monster name="Behemoth" file="giants/behemoth.xml"/>
	<monster name="Cyclops" file="giants/cyclops.xml"/>
	<monster name="Stonecracker" file="giants/stonecracker.xml"/>
	
	<!-- Hydro-elementals -->
	<monster name="Slick Water Elemental" file="hydro-elementals/Slick Water Elemental.xml"/>
	<monster name="Roaring Water Elemental" file="hydro-elementals/Roaring Water Elemental.xml"/>
	<monster name="Ice Overlord" file="hydro-elementals/Ice Overlord.xml"/>
	<monster name="Water Elemental" file="hydro-elementals/water elemental.xml"/>
	<monster name="Massive Water Elemental" file="hydro-elementals/massive water elemental.xml"/>
	
	<!-- Insects -->
	<monster name="Ancient Scarab" file="insects/ancient scarab.xml"/>
	<monster name="Blue Butterfly" file="insects/blue butterfly.xml"/>
	<monster name="Bug" file="insects/bug.xml"/>
	<monster name="Centipede" file="insects/centipede.xml"/>
	<monster name="Cockroach" file="insects/cockroach.xml"/>	
	<monster name="Larva" file="insects/larva.xml"/>
	<monster name="Pink Butterfly" file="insects/pink butterfly.xml"/>
	<monster name="Red Butterfly" file="insects/red butterfly.xml"/>
	<monster name="Scarab" file="insects/scarab.xml"/>
	<monster name="Wasp" file="insects/wasp.xml"/>
	<monster name="Yellow Butterfly" file="insects/yellow butterfly.xml"/>
	
	<!-- Lizards -->
	<monster name="Lizard Sentinel" file="lizards/lizard sentinel.xml"/>
	<monster name="Lizard Snakecharmer" file="lizards/lizard snakecharmer.xml"/>
	<monster name="Lizard Templar" file="lizards/lizard templar.xml"/>
	<monster name="High templar cobrass" file="lizards/high templar cobrass.xml"/>
	
	<!-- Minotaurs -->
	<monster name="minotaur archer" file="minotaurs/minotaur archer.xml"/>
	<monster name="minotaur guard" file="minotaurs/minotaur guard.xml"/>
	<monster name="minotaur mage" file="minotaurs/minotaur mage.xml"/>
	<monster name="minotaur" file="minotaurs/minotaur.xml"/>
	<monster name="Apprentice Sheng" file="minotaurs/apprentice sheng.xml"/>
	<monster name="The horned fox" file="minotaurs/the horned fox.xml"/>
	<monster name="General murius" file="minotaurs/General murius.xml"/>
	
	<!-- Misc -->
	<monster name="Squirrel" file="misc/Squirrel.xml"/>
	<monster name="Goblin Demon" file="misc/Goblin Demon.xml"/>
	<monster name="Badger" file="misc/badger.xml"/>
	<monster name="Bat" file="misc/bat.xml"/>
	<monster name="Deer" file="misc/deer.xml"/>
	<monster name="Halloween Hare" file="misc/halloweenhare.xml"/>
	<monster name="Hyaena" file="misc/hyaena.xml"/>
	<monster name="Pig" file="misc/pig.xml"/>
	<monster name="Rabbit" file="misc/rabbit.xml"/>
	<monster name="Silver Rabbit" file="misc/silver rabbit.xml"/>
	<monster name="Skunk" file="misc/skunk.xml"/>

	<!-- Monks -->
	<monster name="Dark Monk" file="monks/dark monk.xml"/>
	<monster name="Monk" file="monks/monk.xml"/>
	<monster name="tha exp carrier" file="monks/tha exp carrier.xml"/>                 
	<monster name="Fernfang" file="monks/Fernfang.xml"/>
    <monster name="Treiner" file="monks/Treiner.xml"/>
    <monster name="Trainer Slayer" file="Trainer Slayer.xml"/>
    <monster name="Sea Serpent Ice" file="exclusivas/Sea Serpent Ice.xml"/>
 	<monster name="Spider Fiery" file="exclusivas/Spider Fiery.xml"/>
	<monster name="Triple Medusa" file="exclusivas/Triple Medusa.xml"/>
	<monster name="Toad Turtle" file="exclusivas/Toad Turtle.xml"/>
	<monster name="Baylor" file="exclusivas/Baylor.xml"/>
	<monster name="Dog Alfa" file="exclusivas/Dog Alfa.xml"/>
	<monster name="Earth Kelpie" file="exclusivas/Earth Kelpie.xml"/>
	<monster name="Haunter" file="exclusivas/Haunter.xml"/>
	<monster name="Lestrigones" file="exclusivas/Lestrigones.xml"/>
	<monster name="Magician Mage" file="exclusivas/Magician Mage.xml"/>
	<monster name="Mini Serpent Ice" file="exclusivas/Mini Serpent Ice.xml"/>
	<monster name="Void Souleater" file="exclusivas/Void Souleater.xml"/>
	<monster name="Wyda Terramite" file="exclusivas/Wyda Terramite.xml"/>
	<monster name="Undead Darkshadow" file="exclusivas/Undead Darkshadow.xml"/>

                
	
	<!-- Necromancers -->
	<monster name="Necromancer" file="necromancers/necromancer.xml"/>
	<monster name="Priestess" file="necromancers/priestess.xml"/>
	<monster name="Necropharus" file="necromancers/Necropharus.xml"/>
	
	<!-- Orcs -->
	<monster name="Orc Berserker" file="orcs/orc berserker.xml"/>
	<monster name="Orc Leader" file="orcs/orc leader.xml"/>
	<monster name="Orc Rider" file="orcs/orc rider.xml"/>
	<monster name="Orc Shaman" file="orcs/orc shaman.xml"/>
	<monster name="Orc Spearman" file="orcs/orc spearman.xml"/>
	<monster name="Orc Warlord" file="orcs/orc warlord.xml"/>
	<monster name="Orc Warrior" file="orcs/orc warrior.xml"/>
	<monster name="Orc" file="orcs/orc.xml"/>
	<monster name="Warlord Ruzad" file="orcs/warlord ruzad.xml"/>

	<!-- goblins -->
	<monster name="Goblin Leader" file="goblins/goblin leader.xml"/>
	<monster name="Goblin Scavenger" file="goblins/goblin scavenger.xml"/>
	<monster name="Goblin" file="goblins/goblin.xml"/>
	<monster name="Goblin Assassin" file="goblins/goblin assasin.xml"/>
	
	<!-- Outlaws -->	
	<monster name="Bandit" file="outlaws/bandit.xml"/>
	<monster name="Black Knight" file="outlaws/black knight.xml"/>
	<monster name="Hero" file="outlaws/hero.xml"/>	
	<monster name="Nomad" file="outlaws/nomad.xml"/>
	<monster name="Smuggler" file="outlaws/smuggler.xml"/>
	<monster name="Poacher" file="outlaws/poacher.xml"/>
	<monster name="Wild Warrior" file="outlaws/wild warrior.xml"/>
	<monster name="Man in the cave" file="outlaws/Man in the cave.xml"/>
	<monster name="Rukor Zad" file="outlaws/Rukor Zad.xml"/>
	<monster name="Smuggler Baron Silvertoe" file="outlaws/Smuggler Baron Silvertoe.xml"/>
	
	<!-- Pharaohs -->
	<monster name="Ashmunrah" file="pharaohs/ashmunrah.xml"/>
	<monster name="Dipthrah" file="pharaohs/dipthrah.xml"/>
	<monster name="Mahrdis" file="pharaohs/mahrdis.xml"/>
	<monster name="Morguthis" file="pharaohs/morguthis.xml"/>
	<monster name="Omruc" file="pharaohs/omruc.xml"/>
	<monster name="Rahemos" file="pharaohs/rahemos.xml"/>
	<monster name="Thalas" file="pharaohs/thalas.xml"/>
	<monster name="Vashresamun" file="pharaohs/vashresamun.xml"/>
	
	<!-- Pirates -->
	<monster name="Pirata Assassino" file="pirates/pirata assassino.xml" />
	<monster name="Brutus Bloodbeard" file="pirates/brutus bloodbeard.xml" />
	<monster name="Lethal Lissy" file="pirates/lethal lissy.xml" />	
	<monster name="Deadeye Devious" file="pirates/deadeye devious.xml" />
	<monster name="Ron the Ripper" file="pirates/ron the ripper.xml" />
	<monster name="Pirate Buccaneer" file="pirates/pirate buccaneer.xml"/>
	<monster name="Pirate Corsair" file="pirates/pirate corsair.xml"/>
	<monster name="Pirate Cutthroat" file="pirates/pirate cutthroat.xml"/>
	<monster name="Pirate Marauder" file="pirates/pirate marauder.xml"/>
	
	<!--poi bosses-->
	<monster name="The plasmother" file="poi bosses/The plasmother.xml"/>	
	<monster name="Dracola" file="poi bosses/dracola.xml"/>
	<monster name="The Handmaiden" file="poi bosses/the handmaiden.xml" />
	<monster name="Mr. Punish" file="poi bosses/Mr. Punish.xml" />
	<monster name="The Countess Sorrow" file="poi bosses/Countess Sorrow.xml" />
	<monster name="The Imperor" file="poi bosses/The Imperor.xml" />
	<monster name="Massacre" file="poi bosses/Massacre.xml" />

                  <!--Quest-->
                  <monster name="Guardian of The Sea" file="quest/Guardian of The Sea.xml"/>
                  <monster name="Quara Abominator" file="quest/Quara Abominator.xml"/>
	
	<!-- Pyro-elementals -->
	<monster name="Fire Overlord" file="pyro-elementals/Fire Overlord.xml"/>
	<monster name="Massive Fire Elemental" file="pyro-elementals/Massive Fire Elemental.xml"/>
	<monster name="Blistering Fire Elemental" file="pyro-elementals/Blistering Fire Elemental.xml"/>
	<monster name="Blazing Fire Elemental" file="pyro-elementals/blazing fire elemental.xml"/>
	<monster name="Fire Elemental" file="pyro-elementals/fire elemental.xml"/>
	<monster name="Hellfire Fighter" file="pyro-elementals/hellfire fighter.xml"/>
	
	<!-- Quaras -->
	<monster name="Quara Constrictor Scout" file="quaras/quara constrictor scout.xml"/>
	<monster name="Quara Hydromancer Scout" file="quaras/quara hydromancer scout.xml"/>
	<monster name="Quara Mantassin Scout" file="quaras/quara mantassin scout.xml"/>
	<monster name="Quara Pincher Scout" file="quaras/quara pincher scout.xml"/>
	<monster name="Quara Predator Scout" file="quaras/quara predator scout.xml"/>
	<monster name="Quara Constrictor" file="quaras/quara constrictor.xml"/>
	<monster name="Quara Hydromancer" file="quaras/quara hydromancer.xml"/>
	<monster name="Quara Mantassin" file="quaras/quara mantassin.xml"/>
	<monster name="Quara Pincher" file="quaras/quara pincher.xml"/>
	<monster name="Quara Predator" file="quaras/quara predator.xml"/>
	<monster name="Thul" file="quaras/thul.xml"/>
	
	<!-- Rats -->
	<monster name="Cave Rat" file="rats/cave rat.xml"/>
	<monster name="Rat" file="rats/rat.xml"/>
	<monster name="Munster" file="rats/munster.xml"/>
	
	<!-- Reptiles -->
	<monster name="Cobra" file="reptiles/cobra.xml"/>
	<monster name="Crocodile" file="reptiles/crocodile.xml"/>
	<monster name="Serpent Spawn" file="reptiles/serpent spawn.xml"/>
	<monster name="Snake" file="reptiles/snake.xml"/>
	<monster name="Wyvern" file="reptiles/wyvern.xml"/>
	
	<!-- Sheeps -->
	<monster name="Sheep" file="sheeps/sheep.xml"/>
	
	<!-- Shapeshifters -->
	<monster name="Mimic" file="shapeshifters/mimic.xml"/>
	
	<!-- Skeletons -->
	<monster name="Brook" file="skeletons/brook.xml"/>
	<monster name="Betrayed Wraith" file="skeletons/betrayed wraith.xml"/>
	<monster name="BoneBeast" file="skeletons/bonebeast.xml"/>
	<monster name="Demon Skeleton" file="skeletons/demon skeleton.xml"/>
	<monster name="Lost Soul" file="skeletons/lost soul.xml"/>
	<monster name="Pirate Skeleton" file="skeletons/pirate skeleton.xml"/>
	<monster name="Skeleton" file="skeletons/skeleton.xml"/>
	<monster name="Skeleton Warrior" file="skeletons/skeleton warrior.xml"/>
	<monster name="Undead Dragon" file="skeletons/undead dragon.xml"/>
	
	<!-- Sorcerers -->
	<monster name="Dark apprentice" file="sorcerers/Dark apprentice.xml"/>
	<monster name="Dark Magician" file="sorcerers/Dark magician.xml"/>
	<monster name="Ice Witch" file="sorcerers/ice witch.xml"/>
	<monster name="Ferumbras" file="sorcerers/ferumbras.xml"/>
	<monster name="Warlock" file="sorcerers/warlock.xml"/>
	<monster name="Witch" file="sorcerers/witch.xml"/>
	<monster name="Elverick" file="sorcerers/Elverick.xml"/>
	<monster name="Zarabustor" file="sorcerers/Zarabustor.xml"/>
	<monster name="Yakchal" file="sorcerers/Yakchal.xml"/>
        <monster name="Mago Negro" file="sorcerers/mago negro.xml"/>

	
	<!-- The Ruthless Seven Minions -->
	<monster name="Annihilon" file="the ruthless seven minions/Annihilon.xml"/>
	<monster name="Hellgorak" file="the ruthless seven minions/Hellgorak.xml"/>
	<monster name="Latrivan" file="the ruthless seven minions/Latrivan.xml"/>
	<monster name="Madareth" file="the ruthless seven minions/Madareth.xml"/>
	<monster name="Zugurosh" file="the ruthless seven minions/Zugurosh.xml"/>
	<monster name="Ushuriel" file="the ruthless seven minions/Ushuriel.xml"/>
	<monster name="Golgordan" file="the ruthless seven minions/Golgordan.xml"/>
	
	<!-- Tortoises -->
	<monster name="Thornback Tortoise" file="tortoises/thornback tortoise.xml"/>
	<monster name="Tortoise" file="tortoises/tortoise.xml"/>
	
	<!-- Traps -->
	<monster name="Deathslicer" file="traps/deathslicer.xml"/>
	<monster name="Flamethrower" file="traps/flamethrower.xml"/>
	<monster name="Magicthrower" file="traps/magicthrower.xml"/>
	<monster name="Plaguethrower" file="traps/plaguethrower.xml"/>
	<monster name="Poisonthrower" file="traps/poisonthrower.xml"/>
	<monster name="Shredderthrower" file="traps/shredderthrower.xml"/>
	
	<!-- Trolls -->
	<monster name="Troll Champion" file="trolls/troll champion.xml"/>
	<monster name="Frost Troll" file="trolls/frost troll.xml"/>
	<monster name="Island Troll" file="trolls/island troll.xml"/>
	<monster name="Swamp Troll" file="trolls/swamp troll.xml"/>
	<monster name="Troll" file="trolls/troll.xml"/>
	<monster name="Big Boss Trolliver" file="trolls/big boss trolliver.xml"/>
	
	<!-- Undead humanoids -->
	<monster name="Banshee" file="undead humanoids/banshee.xml"/>
	<monster name="Blightwalker" file="undead humanoids/blightwalker.xml"/>
	<monster name="Crypt Shambler" file="undead humanoids/crypt shambler.xml"/>
	<monster name="Ghoul" file="undead humanoids/ghoul.xml"/>
	<monster name="Lich" file="undead humanoids/lich.xml"/>
	<monster name="Mummy" file="undead humanoids/mummy.xml"/>
	<monster name="vampire" file="undead humanoids/vampire.xml"/>
	<monster name="Grim Reaper" file="undead humanoids/grim reaper.xml"/>
	<monster name="The count" file="undead humanoids/the count.xml"/>
	<monster name="Gravelord Oshuran" file="undead humanoids/gravelord oshuran.xml"/>
	<monster name="Arachir the ancient one" file="undead humanoids/arachir the ancient one.xml"/>
	<monster name="Diblis the fair" file="undead humanoids/diblis the fair.xml"/>
	<monster name="Sir valorcrest" file="undead humanoids/sir valorcrest.xml"/>
	<monster name="Zevelon Duskbringer" file="undead humanoids/Zevelon Duskbringer.xml"/>

	<!-- Vip monsters by baiak (Baiak) -->
	<monster name="demon vip" file="vip/demon vip.xml"/>
	<monster name="hydra vip" file="vip/hydra vip.xml"/>	
	<monster name="grim reaper vip" file="vip/grim reaper vip.xml"/>	
	<monster name="frost dragon vip" file="vip/frost dragon vip.xml"/>
	<monster name="warlock vip" file="vip/warlock vip.xml"/>
	<monster name="medusa vip" file="vip/medusa vip.xml"/>
	<monster name="bossing of baiak" file="vip/bossing of baiak.xml"/>
	<monster name="ferumbras vip" file="vip/ferumbras vip.xml"/>	

                  <!-- Vips monsters II by Bryaan -->
	<monster name="demon vip II" file="vips/demon vip ii.xml"/>
	<monster name="hydra vip II" file="vips/hydra vip ii.xml"/>	
	<monster name="grim reaper vip II" file="vips/grim reaper vip ii.xml"/>	
	<monster name="frost dragon vip II" file="vips/frost dragon vip ii.xml"/>
	<monster name="medusa vip II" file="vips/medusa vip ii.xml"/>	
                  <monster name="dragon lord vip II" file="vips/dragon lord vip ii.xml"/>	

	<!-- custom  monsters by eldinWorld (a.k.a eldin) -->	
	<monster name="Forest Dragon" file="custom monsters by eldin/forest dragon.xml"/>	
	<monster name="Paladin" file="custom monsters by eldin/paladin.xml"/>
	<monster name="Druid" file="custom monsters by eldin/druid.xml"/>
	<monster name="Sorcerer" file="custom monsters by eldin/sorcerer.xml"/>
	<monster name="Mercenary" file="custom monsters by eldin/mercenary.xml"/>
	<monster name="Thief" file="custom monsters by eldin/thief.xml"/>
	<monster name="Toxiros" file="custom monsters by eldin/toxiros.xml"/>
	<monster name="Pyramo" file="custom monsters by eldin/pyramo.xml"/>
	<monster name="Lazarus" file="custom monsters by eldin/lazarus.xml"/>
	<monster name="Zathroth" file="custom monsters by eldin/zathroth.xml"/>
	<monster name="Goshnar" file="custom monsters by eldin/goshnar.xml"/>
	<monster name="Durin" file="custom monsters by eldin/durin.xml"/>
	<monster name="Demora" file="custom monsters by eldin/demora.xml"/>
	<monster name="Orc Champion" file="custom monsters by eldin/orc champion.xml"/>
	<monster name="Lumenia" file="custom monsters by eldin/lumenia.xml"/>
	<monster name="Dracula" file="custom monsters by eldin/dracula.xml"/>
	<monster name="Alezzo" file="custom monsters by eldin/alezzo.xml"/>
	<monster name="Prince Almirith" file="custom monsters by eldin/prince almirith.xml"/>
	<monster name="Elf Warlord" file="custom monsters by eldin/elf warlord.xml"/>
	<monster name="Random Noob" file="custom monsters by eldin/Random Noob.xml"/>
    <monster name="Magebomb" file="custom monsters by eldin/Magebomb.xml"/>
    <monster name="diseased fred" file="outlaws/bandit.xml"/>

    <!-- Donates -->
	<monster name="Donate Hydra" file="Donates/Donate Hydra.xml"/>	
	<monster name="Donate Grim Reaper" file="Donates/Donate Grim Reaper.xml"/>	
	<monster name="Donate Frost Dragon" file="Donates/Donate Frost Dragon.xml"/>
	<monster name="Donate Medusa" file="Donates/Donate Medusa.xml"/>	
    <monster name="Donate Dragon Lord" file="Donates/Donate Dragon Lord.xml"/>	
	<monster name="Donate Warlock" file="Donates/Donate Warlock.xml"/>
	<monster name="Donate Hell Stalker" file="Donates/Donate Hell Stalker.xml"/>
	<monster name="Donate Gang Member" file="Donates/Donate Gang Member.xml"/>
	<monster name="Donate Spirit Of Jack" file="Donates/Donate Spirit Of Jack.xml"/>
	<monster name="Donate Winchester" file="Donates/Donate Winchester.xml"/>

    <!-- Castle 24H -->
	<monster name="Castle Dragon Lord" file="Castle/Castle Dragon Lord.xml"/>
	<monster name="Castle Hydra" file="Castle/Castle Hydra.xml"/>
	<monster name="Castle Demon" file="Castle/Castle Demon.xml"/>	
	<monster name="Castle Grim Reaper" file="Castle/Castle Grim Reaper.xml"/>	
	<monster name="Castle Frost Dragon" file="Castle/Castle Frost Dragon.xml"/>	
	<monster name="Castle Warlock" file="Castle/Castle Warlock.xml"/>
	<monster name="Crystal Protect" file="Castle24Hrs/Crystal Protect.xml"/>
	<monster name="Castle Protect" file="Castle24Hrs/Castle Protect.xml"/>
	
	<!-- New Castle -->
	<monster name="Protect Castle" file="NewCastle/Protect Castle.xml"/>
	<monster name="Protect King" file="NewCastle/Protect King.xml"/>
	
	<!-- Castle War -->
	<monster name="Castle Guardian I" file="CastleWar/Castle Guardian I.xml"/>
	<monster name="Castle Guardian II" file="CastleWar/Castle Guardian II.xml"/>
	<monster name="Castle Guardian III" file="CastleWar/Castle Guardian III.xml"/>
	<monster name="Castle Guardian IV" file="CastleWar/Castle Guardian IV.xml"/>
	<monster name="Castle Generator" file="CastleWar/Castle Generator.xml"/>
	<monster name="Ice Crystal" file="CastleWar/Ice Crystal.xml"/>
    
    <!-- Champion -->	
	<monster name="Champion Bog Raider" file="champion/champion bog raider.xml"/>
	<monster name="Champion Defiler" file="champion/champion defiler.xml"/>
	<monster name="Champion Plaguesmith" file="champion/champion plaguesmith.xml"/>
	<monster name="Champion Serpent Spawn" file="champion/champion plaguesmith.xml"/>
	<monster name="Champion Phantasm" file="champion/champion defiler.xml"/>
	<monster name="Champion son of verminor" file="champion/champion son of verminor.xml"/>
	<monster name="Champion demon" file="champion/champion demon.xml"/>
	<monster name="Champion fury" file="champion/champion fury.xml"/>
	<monster name="Champion hellfire fighter" file="champion/champion hellfire fighter.xml"/>
	<monster name="Champion hellhound" file="champion/champion hellhound.xml"/>
	<monster name="Champion frost dragon" file="champion/champion frost dragon.xml"/>
	<monster name="Champion sea serpent" file="champion/champion sea serpent.xml"/>
	<monster name="Champion massive elemental" file="champion/champion massive elemental.xml"/>
	<monster name="Champion warlock" file="champion/champion warlock.xml"/>
	<monster name="Champion blightwalker" file="champion/champion blightwalker.xml"/>
	<monster name="Champion grim reaper" file="champion/champion grim reaper.xml"/>
	<monster name="Champion undead dragon" file="champion/champion undead dragon.xml"/>
	<monster name="Champion Tower" file="champion/Champion Tower.xml"/>
        <monster name="empe" file="empe.xml"/>
	<monster name="pre1" file="pre1.xml"/>
	<monster name="pre2" file="pre2.xml"/>
	<monster name="guard" file="guard.xml"/>
	
</monsters>