<?xml version="1.0" encoding="UTF-8"?>
<monster name="Spider Fiery" nameDescription="a spider fiery" race="VENOM" experience="6800" speed="470" manacost="0">
  <health now="4300" max="4300"/>
  <look type="347" head="0" body="0" legs="0" feet="0" corpse="5527"/>
  <targetchange interval="5000" chance="8"/>
  <strategy attack="100" defense="0"/>
  <flags>
    <flag summonable="0"/>
    <flag attackable="1"/>
    <flag hostile="1"/>
    <flag illusionable="0"/>
    <flag convinceable="0"/>
    <flag pushable="0"/>
    <flag canpushitems="1"/>
    <flag canpushcreatures="1"/>
    <flag targetdistance="1"/>
    <flag staticattack="90"/>
    <flag runonhealth="0"/>
  </flags>
  <attacks>
    <attack name="melee" interval="2000" skill="40" attack="50"/>
    <attack name="poisonfield" interval="2000" chance="13" range="7" radius="1" target="100">
      <attribute key="shootEffect" value="poison"/>
    </attack>
	<attack name="earth" interval="2000" chance="100000" range="7" target="1" min="-40" max="-70">
      <attribute key="shootEffect" value="poison"/>
    </attack>
  </attacks>
  <defenses armor="30" defense="30">
    <defense name="speed" interval="1000" chance="6" speedchange="290" duration="5000"/>
  </defenses>
  <elements>
	<element firePercent="0"/>
	<element energyPercent="0"/>
	<element icePercent="0"/>  
  </elements>
  <immunities>
    <immunity earth="0"/>
    <immunity invisible="1"/>
  </immunities>
  <summons maxSummons="0">
    <summon name="poison spider" interval="1000" chance="20" max="2"/>
  </summons>
  <loot>
    <item id="2160" countmax="15" chance1="40000" chancemax="0"/> --Gold
    
    <item id="1987" chance="100000"> --Bag
      <inside>
        <item id="2160" countmax="15" chance1="40000" chancemax="0"/> --Gold
        
      </inside>
    </item>
  </loot>
<script>

</script>
</monster>
