<?xml version="1.0" encoding="UTF-8"?>
<monster name="Undead Darkshadow" nameDescription="a Undead Darkshadow" race="undead" experience="6800" speed="430" manacost="0">
  <health now="4300" max="4300"/>
  <look type="231" corpse="6306"/>
  <targetchange interval="5000" chance="8"/>
  <strategy attack="100" defense="0"/>
  <flags>
    <flag summonable="0"/>
    <flag attackable="1"/>
    <flag hostile="1"/>
    <flag illusionable="1"/>
    <flag convinceable="0"/>
    <flag pushable="0"/>
    <flag canpushitems="1"/>
    <flag canpushcreatures="1"/>
    <flag targetdistance="1"/>
    <flag staticattack="90"/>
    <flag runonhealth="0"/>
  </flags>
  <attacks>
    <attack name="melee" interval="2000" skill="40" attack="55"/>

    <attack name="fire" interval="2000" chance="20" range="7" radius="4" target="1" min="-30" max="-90">
      <attribute key="shootEffect" value="fire"/>
      <attribute key="areaEffect" value="redspark"/>
    </attack>

    <attack name="death" interval="3000" chance="20" range="7" min="-20" max="-70">
      <attribute key="shootEffect" value="suddendeath"/>
    </attack>

    <attack name="poison" interval="2000" chance="20" range="7" radius="4" target="1" min="-40" max="-80">
      <attribute key="shootEffect" value="poison"/>
      <attribute key="areaEffect" value="poison"/>
    </attack>

    <attack name="poison" interval="1000" chance="10" range="7" min="-40" max="-100">
      <attribute key="shootEffect" value="poison"/>
      <attribute key="areaEffect" value="poison"/>
    </attack>

    <attack name="fire" interval="4000" chance="25" length="8" spread="3" min="-10" max="-50">
      <attribute key="areaEffect" value="firearea"/>
    </attack>

    <attack name="poison" interval="2000" chance="23" length="8" spread="3" min="-80" max="-90">
      <attribute key="areaEffect" value="poison"/>
    </attack>

    <attack name="lifedrain" interval="3000" chance="25" length="8" spread="3" min="-30" max="-50">
      <attribute key="areaEffect" value="greenshimmer"/>
    </attack>

  </attacks>
  <defenses armor="35" defense="30">
  </defenses>
	<elements>
		<element physicalPercent="0"/>
		<element icePercent="10"/>
		<element holyPercent="-10"/>
	</elements>
  <immunities>
    <immunity death="0"/>
    <immunity earth="0"/>
    <immunity fire="0"/>
    <immunity drown="0"/>
    <immunity lifedrain="0"/>
    <immunity paralyze="1"/>
    <immunity invisible="1"/>
  </immunities>
  <voices interval="5000" chance="10">
    <voice sentence="FEEEED MY ETERNAL HUNGER!"/>

  </voices>
	<loot>
    <item id="2160" countmax="15" chance1="40000" chancemax="0"/> --Gold
    
    <item id="1987" chance="100000"> --Bag
      <inside>
        <item id="2160" countmax="15" chance1="40000" chancemax="0"/> --Gold
				
      </inside>
    </item>
  </loot>
<script>

</script>
</monster>
