﻿<?xml version="1.0" encoding="UTF-8"?>
<monster name="Tortoise" nameDescription="a tortoise" race="blood" experience="90" speed="200" manacost="445">
  <health now="20000" max="20000"/>
  <look type="197" head="0" body="0" legs="0" feet="0" corpse="6072"/>
  <targetchange interval="5000" chance="0"/>
  <strategy attack="100" defense="0"/>
  <flags>
    <flag summonable="0"/>
    <flag attackable="1"/>
    <flag hostile="1"/>
    <flag illusionable="0"/>
    <flag convinceable="1"/>
    <flag pushable="1"/>
    <flag canpushitems="1"/>
    <flag canpushcreatures="0"/>
    <flag staticattack="90"/>
    <flag targetdistance="1"/>
    <flag runonhealth="0"/>
  </flags>
	<attacks>
    <attack name="melee" interval="2000" skill="200" attack="25"/>
	</attacks>
  <defenses armor="55" defense="45"/>
	<elements>
		<element firePercent="-10"/>
	</elements>
	<voices speed="5000" chance="10">    
		<voice sentence="Your efforts are in vain"/>    
		<voice sentence="You better run" />        
	</voices>
  <loot>
    <item id="2148" countmax="10" chance1="100000" chancemax="0"/>
    <item id="2148" countmax="80" chance1="100000" chancemax="0"/>
    <item id="2148" countmax="30" chance1="15000" chancemax="0"/>
    <item id="5899" countmax="1" chance1="15000" chancemax="0"/>
    <item id="5678" countmax="3" chance1="14000" chancemax="0"/>
    <item id="6131" chance="909"/>
    <item id="2671" countmax="2" chance1="20000" chancemax="0"/>
    <item id="2417" chance="6666"/>
    <item id="2510" chance="10000"/>
  </loot>
</monster>
