﻿<?xml version="1.0" encoding="UTF-8"?>
<monster name="Tortoise" nameDescription="a tortoise" race="blood" experience="90" speed="200" manacost="445">
  <health now="150" max="150"/>
  <look type="197" head="0" body="0" legs="0" feet="0" corpse="6072"/>
  <targetchange interval="5000" chance="0"/>
  <strategy attack="100" defense="0"/>
  <flags>
    <flag summonable="0"/>
    <flag attackable="1"/>
    <flag hostile="1"/>
    <flag illusionable="0"/>
    <flag convinceable="1"/>
    <flag pushable="1"/>
    <flag canpushitems="1"/>
    <flag canpushcreatures="0"/>
    <flag staticattack="90"/>
    <flag targetdistance="1"/>
    <flag runonhealth="0"/>
  </flags>
<attacks>
    <attack name="melee" interval="2000" skill="43" attack="33"/>
</attacks>
  <defenses armor="15" defense="15"/>
	<elements>
	    <element physicalPercent="10"/>
		<element earthPercent="15"/>
		<element icePercent="10"/>
		<element firePercent="-10"/>
	</elements>
  <loot>
    <item id="2148" countmax="10" chance1="100000" chancemax="0"/>
    <item id="2148" countmax="80" chance1="100000" chancemax="0"/>
    <item id="2148" countmax="30" chance1="15000" chancemax="0"/>
    <item id="5899" chance="10000" coountmax="2"/> -- turtle shell
    <item id="5678" countmax="3" chance1="14000" chancemax="0"/>
    <item id="6131" chance="909"/>
    <item id="2671" countmax="2" chance1="20000" chancemax="0"/>
    <item id="2417" chance="6666"/>
    <item id="2510" chance="10000"/>
  </loot>
</monster>
