<?xml version="1.0" encoding="UTF-8"?>
<monster name="Ushuriel" nameDescription="Ushuriel" race="fire" experience="10000" speed="350" manacost="0">
<health now="50000" max="50000"/>
<look type="12" head="0" body="95" legs="19" feet="112" corpse="6068"/>
<targetchange interval="5000" chance="8"/>
<strategy attack="100" defense="0"/>
<flags>
	<flag summonable="0"/>
	<flag attackable="1"/>
	<flag hostile="1"/>
	<flag illusionable="0"/>
	<flag convinceable="0"/>
	<flag pushable="0"/>
	<flag canpushitems="1"/>
	<flag canpushcreatures="1"/>
	<flag targetdistance="1"/>
	<flag staticattack="85"/>
	<flag runonhealth="0"/>
</flags>

<attacks>
	<attack name="melee" interval="2000" skill="140" attack="145"/>
	<attack name="physical" interval="1000" chance="10" length="10" spread="0" min="-250" max="-500">
		<attribute key="areaEffect" value="mortarea"/>
	</attack>
	<attack name="death" interval="1000" chance="8" radius="5" target="0" min="-30" max="-760">
		<attribute key="areaEffect" value="mortarea"/>
		<attribute key="shootEffect" value="death"/>
	</attack>
	<attack name="earth" interval="2000" chance="9" length="8" spread="0" min="-200" max="-585">
		<attribute key="areaEffect" value="smallplants"/>
	</attack>
	<attack name="ice" interval="1000" chance="8" target="0" radius="6" min="0" max="-430">
		<attribute key="areaEffect" value="icetornado"/>
	</attack>
	<attack name="drunk" interval="3000" chance="11" radius="6" target="0">
		<attribute key="areaEffect" value="purplenote"/>
	</attack>
	<attack name="energycondition" interval="2000" chance="15" radius="4" target="0" min="-250" max="-250">
		<attribute key="areaEffect" value="energy"/>
	</attack>
</attacks>

<defenses armor="50" defense="45">
	<defense name="healing" interval="1000" chance="12" min="400" max="600">
		<attribute key="areaEffect" value="greenshimmer"/>
	</defense>
	<defense name="speed" interval="1000" chance="4" speedchange="400" duration="7000">
		<attribute key="areaEffect" value="blueshimmer"/>
	</defense>
</defenses>

<immunities>
	<immunity lifedrain="1"/>
	<immunity paralyze="1"/>
	<immunity invisible="1"/>
</immunities>

<voices interval="5000" chance="10"/>

<loot>
<item id="2136" chance1="4000"/> demonbone amulet<item id="2148" countmax="100" chance1="80000" chancemax="8"/>
<item id="2148" countmax="100" chance1="20000" chancemax="10"/>
<item id="2150" countmax="16" chance1="4000" chancemax="10"/> small amethyst
<item id="2148" countmax="83" chance1="40000" chancemax="0"/>
<item id="7388" chance="1200" /> --vile axe
<item id="2208" chance="3200" /> --axe ring
<item id="8871" chance="3100" /> --focus cape
<item id="2158" chance="1500" /> --blue gem
<item id="2155" chance="1500" /> --green gem
<item id="2210" chance="3200" /> --sword ring
<item id="2208" chance="3200" /> --axe ring
<item id="9970" countmax="13" chance1="6000" chancemax="0"/> small topaz
<item id="6500" countmax="2" chance1="6000" chancemax="0"/> demonic ess
<item id="2143" countmax="7" chance1="5000" chancemax="0"/> --White pearl
<item id="2470" chance="2000" /> --golden legs
<item id="7368" countmax="25" chance="8000"/> --stars
<item id="2144" countmax="12" chance1="4000" chancemax="0"/> --black pearl
<item id="2145" countmax="5" chance1="3000" chancemax="0"/> --small diamond
<item id="2514" chance="5650"/> --mastermind shield
<item id="2466" chance="8100"/> --golden armor
<item id="7590" chance="7000"/> --great mana potion
<item id="8904" chance="5000"/> --spellbook of prophercies
<item id="7591" chance="8000"/> --great health potion
<item id="1987" chance="100000">
<inside>
<item id="2148" countmax="100" chance1="80000" chancemax="0"/>
<item id="2148" countmax="100" chance1="20000" chancemax="0"/>
<item id="8901" chance="4400"/> --spellbook of warding
<item id="2415" chance="600"/> --great axe
<item id="2208" chance="3200" /> --axe ring
<item id="8926" chance="900"/> --demonwing axe
<item id="2645" chance="3500"/> --steel boots
<item id="6500" countmax="2" chance1="6000" chancemax="0"/> demonic ess
<item id="8902" chance="4500"/> spellbook of mind control
<item id="2136" chance1="3000"/> demonbone amulet
<item id="2488" chance1="4000"/> crown legs
<item id="2143" countmax="7" chance1="7000" chancemax="0"/> --White pearl
<item id="7590" chance="5000"/> --great mana potion
<item id="8879" chance="3400"/> --voltage armor
<item id="2146" countmax="18" chance1="9000" chancemax="0"/> --small sapphire
<item id="2195" chance="5000"/> --boh
<item id="8918" chance="1000"/> --spellbook of dark mysteries
<item id="7591" chance="7000"/> --great health potion
		</inside>
</item>
</loot>

</monster>
