<?xml version="1.0" encoding="UTF-8"?>
<monster name="necropharus" nameDescription="a necropharus" race="blood" experience="1100" speed="240" manacost="0">
  <health now="800" max="800"/>
  <look type="209" head="20" body="30" legs="40" feet="50" corpse="6080"/>
  <targetchange interval="5000" chance="8"/>
  <strategy attack="100" defense="0"/>
  <flags>
    <flag summonable="0"/>
    <flag attackable="1"/>
    <flag hostile="1"/>
    <flag illusionable="0"/>
    <flag convinceable="0"/>
    <flag pushable="0"/>
    <flag canpushitems="1"/>
    <flag canpushcreatures="1"/>
    <flag targetdistance="4"/>
    <flag staticattack="90"/>
    <flag runonhealth="0"/>
  </flags>
  <attacks>
    <attack name="melee" interval="2000" skill="35" attack="45" poison="95"/>
    <attack name="lifedrain" interval="1000" chance="20" range="1" min="-80" max="-120">
      <attribute key="areaEffect" value="redspark"/>
    </attack>
    <attack name="poison" interval="1000" chance="17" range="7" min="-50" max="-140">
      <attribute key="shootEffect" value="poison"/>
      <attribute key="areaEffect" value="poison"/>
    </attack>
  </attacks>
  <defenses armor="25" defense="25">
    <defense name="healing" interval="1000" chance="25" min="60" max="90">
      <attribute key="areaEffect" value="blueshimmer"/>
    </defense>
  </defenses>
  <immunities>
    <immunity physical="0"/>
    <immunity energy="0"/>
    <immunity fire="0"/>
    <immunity poison="1"/>
    <immunity lifedrain="1"/>
    <immunity paralyze="0"/>
    <immunity outfit="1"/>
    <immunity drunk="1"/>
    <immunity invisible="1"/>
  </immunities>
  <summons maxSummons="4">
    <summon name="ghoul" interval="1000" chance="20" max="2"/>
    <summon name="ghost" interval="1000" chance="17" max="1"/>
    <summon name="mummy" interval="1000" chance="15" max="1"/>
  </summons>
  <voices interval="5000" chance="10">
    <voice sentence="You will rise as my servant!"/>
    <voice sentence="Praise to my master Urgith!"/>
  </voices>
  <loot>
    <item id="2148" countmax="40" chance1="100000" chancemax="0"/>
    <item id="5809" chance="1000000000000"/>
    <item id="3969" chance="150"/>
    <item id="2392" chance="220"/>
    <item id="2804" countmax="2" chance1="20000" chancemax="0"/>
    <item id="3976" countmax="10" chance1="50000" chancemax="0"/>
    <item id="2186" chance="500"/> --moonlight rod
    <item id="5809" chance="1200"/>
    <item id="1987" chance="100000">
      <inside>
       <item id="2483" countmax="1" chance="8500"/>
       <item id="2796" countmax="1" chance="22500"/>
       <item id="2231" countmax="1" chance="6000"/>
       <item id="2230" countmax="1" chance="30000"/>
        <item id="2541" chance="7500"/>
        <item id="2412" chance="10000"/>
        <item id="2229" countmax="3" chance1="20000" chancemax="0"/>
        <item id="2747" chance="20000"/>
        <item id="2663" chance="909"/>
        <item id="2195" chance="666"/>
        <item id="2423" chance="5000"/>
      </inside>
    </item>
  </loot>
</monster>
