﻿<?xml version="1.0" encoding="UTF-8"?>
<monster name="necromancer" nameDescription="a necromancer" race="blood" experience="580" speed="200" manacost="0">
  <health now="580" max="580"/>
  <look type="9" head="20" body="30" legs="40" feet="50" corpse="6080"/>
  <targetchange interval="5000" chance="8"/>
  <strategy attack="100" defense="0"/>
  <flags>
    <flag summonable="0"/>
    <flag attackable="1"/>
    <flag hostile="1"/>
    <flag illusionable="0"/>
    <flag convinceable="0"/>
    <flag pushable="0"/>
    <flag canpushitems="1"/>
    <flag canpushcreatures="1"/>
    <flag targetdistance="4"/>
    <flag staticattack="90"/>
    <flag runonhealth="0"/>
  </flags>
  <attacks>
    <attack name="melee" interval="2000" skill="30" attack="40" poison="90"/>
    <attack name="death" interval="1000" chance="10" range="1" min="-10" max="-120">
      <attribute key="areaEffect" value="smallclouds"/>
    </attack>
    <attack name="poison" interval="3000" chance="17" range="7" min="-35" max="-125">
      <attribute key="shootEffect" value="earth"/>
    </attack>
  </attacks>
  <defenses armor="20" defense="20">
    <defense name="healing" interval="1000" chance="25" min="42" max="68">
      <attribute key="areaEffect" value="blueshimmer"/>
    </defense>
  </defenses>
      <elements>
		<element firePercent="-5"/>
		<element physicalPercent="-5"/>
		<element icePercent="10"/>
		<element energyPercent="20"/>
		<element holyPercent="-5"/>
	</elements>
  <immunities>
    <immunity earth="1"/>
    <immunity invisible="1"/>
  </immunities>
  <summons maxSummons="4">
    <summon name="ghoul" interval="1000" chance="17" max="2"/>
    <summon name="ghost" interval="1000" chance="15" max="1"/>
    <summon name="mummy" interval="1000" chance="13" max="1"/>
  </summons>
  <voices interval="5000" chance="10">
    <voice sentence="Your corpse will be mine!"/>
    <voice sentence="Taste the sweetness of death!"/>
  </voices>
  <loot>
    <item id="2186" chance="110" /> -- moonlight rod
    <item id="2148" countmax="40" chance1="100000" chancemax="0"/>
    <item id="2032" chance="10000"/>
    <item id="2804" countmax="2" chance1="20000" chancemax="0"/>
    <item id="2182" chance="1333" /> -- snakebite rod
    <item id="2406" chance="15000"/>
    <item id="1987" chance="100000">
      <inside>
        <item id="2412" chance="10000"/>
        <item id="2483" chance="10000"/>
        <item id="2796" countmax="1" chance="1500"/>
        <item id="2229" countmax="3" chance1="20000" chancemax="0"/>
        <item id="2747" chance="20000"/>
        <item id="2663" chance="909"/>
        <item id="2195" chance="666"/>
        <item id="2423" chance="5000"/>
      </inside>
    </item>
  </loot>
</monster>
