﻿<?xml version="1.0" encoding="UTF-8"?>
<monster name="Champion Defiler" nameDescription="a champion defiler" race="venom" experience="2500" speed="260" manacost="0">
	<health now="60000" max="60000"/>
	<look type="238" corpse="6532"/>
	<targetchange interval="5000" chance="8"/>
	<strategy attack="100" defense="0"/>
	<flags>
		<flag summonable="0"/>
		<flag attackable="1"/>
		<flag hostile="1"/>
		<flag illusionable="1"/>
		<flag convinceable="0"/>
		<flag pushable="0"/>
		<flag canpushitems="1"/>
		<flag canpushcreatures="1"/>
		<flag targetdistance="1"/>
		<flag staticattack="90"/>
		<flag runonhealth="0"/>
	</flags>
	<attacks>
		<attack name="melee" interval="2000" min="-800" max="-2000"/>
		<attack name="speed" interval="1000" chance="12" radius="6" target="0" speedchange="-400" duration="10000">
			<attribute key="areaEffect" value="poison"/>
		</attack>
		<attack name="physical" interval="2000" chance="17" range="7" min="-950" max="-1950">
			<attribute key="shootEffect" value="poison"/>
		</attack>
                <attack name="paralyze" interval="3000" chance="40" target="1">
			<attribute key="areaEffect" value="redshimmer"/>
		</attack>
		</attacks>
	<defenses armor="15" defense="15">
		<defense name="healing" interval="1000" chance="50" min="175" max="225">
			<attribute key="areaEffect" value="blueshimmer"/>
		</defense>
	</defenses>
	<elements>
		<element earthPercent="100"/>
		<element energyPercent="50"/>
		<element icePercent="40"/>
		<element firePercent="-20"/>
	</elements>
	<immunities>
		<immunity paralyze="1"/>
		<immunity invisible="1"/>
	</immunities>
	<voices interval="5000" chance="10">
		<voice sentence="Blubb"/>
	</voices>
	<loot>
		<item id="2148" countmax="100" chance="100000"/><!-- gold coin -->
		<item id="2152" countmax="3" chance="10000"/><!-- platinum coin -->
		<item id="6500" countmax="1" chance="2857"/><!-- demonic essence -->
		<item id="5944" chance="2500"/><!-- soul orb -->
	</loot>
</monster>
