<?xml version="1.0" encoding="UTF-8"?>
<monster name="Champion Hellhound" nameDescription="a champion hellhound" race="blood" experience="12000" speed="310" manacost="0">
	<health now="80000" max="80000"/>
	<look type="240" corpse="6332"/>
	<targetchange interval="5000" chance="8"/>
	<strategy attack="100" defense="0"/>
	<flags>
		<flag summonable="0"/>
		<flag attackable="1"/>
		<flag hostile="1"/>
		<flag illusionable="1"/>
		<flag convinceable="0"/>
		<flag pushable="0"/>
		<flag canpushitems="1"/>
		<flag canpushcreatures="1"/>
		<flag targetdistance="1"/>
		<flag staticattack="60"/>
		<flag runonhealth="0"/>
	</flags>
	<attacks>
		<attack name="melee" interval="2000" skill="70" attack="930"/>
		<attack name="physical" interval="2000" chance="20" length="8" spread="3" min="-800" max="-1700">
			<attribute key="areaEffect" value="poison"/>
		</attack>
		<attack name="physical" interval="2000" chance="25" range="7" min="-600" max="-880">
			<attribute key="shootEffect" value="suddendeath"/>
			<attribute key="areaEffect" value="mortarea"/>
		</attack>
		<attack name="physical" interval="3000" chance="19" length="8" spread="3" min="-550" max="-1260">
			<attribute key="areaEffect" value="firearea"/>
		</attack>
		<attack name="poison" interval="1000" chance="23" range="7" min="-550" max="-700">
			<attribute key="shootEffect" value="poison"/>
			<attribute key="areaEffect" value="poison"/>
		</attack>
	</attacks>
	<defenses armor="25" defense="35"/>
	<elements>
		<element firePercent="100"/>
		<element earthPercent="40"/>
		<element energyPercent="40"/>
		<element icePercent="-20"/>
		<element holyPercent="-10"/>
	</elements>
	<immunities>
		<immunity paralyze="1"/>
		<immunity outfit="1"/>
		<immunity drunk="1"/>
		<immunity invisible="1"/>
	</immunities>
	<voices interval="5000" chance="10">
		<voice sentence="GROOOWL!"/>
		<voice sentence="GRRRRR!"/>
	</voices>
	<loot>
		<item id="2148" countmax="100" chance="25000"/><!-- gold coin -->
		<item id="2148" countmax="100" chance="25000"/><!-- gold coin -->
		<item id="2148" countmax="100" chance="25000"/><!-- gold coin -->
		<item id="2148" countmax="75" chance="25000"/><!-- gold coin -->
		<item id="2152" countmax="5" chance="5000"/><!-- platinum coin -->
		<item id="2671" countmax="6" chance="22500"/><!-- ham -->
		<item id="2410" countmax="11" chance="9000"/><!-- throwing knife -->
		<item id="2144" countmax="4" chance="7000"/><!-- black pearl -->
		<item id="2231" chance="30000"/><!-- big bone -->
		<item id="2230" chance="25000"/><!-- bone -->
		<item id="6558" chance="6500"/><!-- concentrated demonic blood -->
		<item id="6500" chance="15000"/><!-- demonic essence -->
		<item id="9971" chance="1000"/><!-- gold ingot -->
		<item id="1987" chance="100000"><!-- bag -->
			<inside>
				<item id="9808" chance="1500"/><!-- rusty armor -->
				<item id="2393" chance="2500"/><!-- giant sword -->
				<item id="5944" chance="7500"/><!-- soul orb -->
				<item id="2430" chance="3000"/><!-- knight axe -->
				<item id="2383" chance="275000"/><!-- spike sword -->
				<item id="6553" chance="400"/><!-- ruthless axe -->
			</inside>
		</item>
	</loot>
</monster>
