<?xml version="1.0" encoding="UTF-8"?>
<monster name="Champion Hellfire Fighter" nameDescription="a champion hellfire fighter" race="fire" experience="12000" speed="260" manacost="0">
	<health now="60000" max="60000"/>
	<look type="243" corpse="6324"/>
	<targetchange interval="5000" chance="8"/>
	<strategy attack="100" defense="0"/>
	<flags>
		<flag summonable="0"/>
		<flag attackable="1"/>
		<flag hostile="1"/>
		<flag illusionable="1"/>
		<flag convinceable="0"/>
		<flag pushable="0"/>
		<flag canpushitems="1"/>
		<flag canpushcreatures="1"/>
		<flag targetdistance="1"/>
		<flag staticattack="90"/>
		<flag runonhealth="0"/>
	</flags>
	<attacks>
		<attack name="melee" interval="2000" min="-930" max="-1120"/>
		<attack name="firefield" interval="3000" chance="30" range="7" radius="4" target="0">
			<attribute key="shootEffect" value="fire"/>
		</attack>
		<attack name="fire" interval="2000" chance="40" range="5" length="8" spread="3" min="-1100" max="-1115">
			<attribute key="areaEffect" value="firearea"/>
		</attack>
		<attack name="melee" interval="1000" chance="25" range="7" radius="3" target="0" min="-950" max="-1050">
			<attribute key="areaEffect" value="explosionarea"/>
		</attack>
	</attacks>
	<defenses armor="25" defense="25"/>
	<elements>
		<element firePercent="100"/>
		<element energyPercent="40"/>
		<element physicalPercent="24"/>
		<element deathPercent="22"/>
		<element icePercent="-20"/>
	</elements>
	<immunities>
		<immunity paralyze="1"/>
		<immunity invisible="1"/>
	</immunities>
	<loot>
		<item id="2148" countmax="100" chance="100000"/><!-- gold coin -->
		<item id="2147" countmax="4" chance="8888"/><!-- small ruby -->
		<item id="5944" chance="2222"/><!-- soul orb -->
		<item id="2239" chance="20000"/><!-- burnt scroll -->
		<item id="2136" chance="1666"/><!-- demonbone amulet -->
		<item id="2187" chance="3111"/><!-- wand of inferno -->
		<item id="1987" chance="100000"><!-- bag -->
			<inside>
				<item id="2260" chance="13500"/><!-- blank rune -->
				<item id="2432" chance="700"/><!-- fire axe -->
				<item id="2145" countmax="1" chance="15000"/><!-- small diamond -->
				<item id="2376" chance="12500"/><!-- sword -->
				<item id="2392" chance="3550"/><!-- fire sword -->
			</inside>
		</item>
	</loot>
</monster>
