<?xml version="1.0" encoding="UTF-8"?>
<monster name="Fallen Mooh'tah Master Ghar" nameDescription="fallen mooh'tah master ghar" race="blood" experience="4400" speed="900">
	<health now="165000" max="165000"/>
	<look type="29" head="20" body="30" legs="40" feet="50" corpse="7349"/>
	<targetchange interval="1000" chance="0"/>
	<strategy attack="100" defense="0"/>
    <flags>
      <flag summonable="0"/>
      <flag attackable="1"/>
      <flag hostile="1"/>
      <flag illusionable="1"/>
      <flag convinceable="0"/>
      <flag pushable="0"/>
      <flag canpushitems="1"/>
      <flag staticattack="75"/>
      <flag lightlevel="0"/>
      <flag lightcolor="0"/>
      <flag targetdistance="1"/>
      <flag runonhealth="0"/>
    </flags>
	<attacks>
		<attack name="melee" interval="1000" skill="180" attack="220" poison="300"/>
		<attack name="physical" interval="1000" chance="15" length="8" spread="3" min="1000" max="-1890">
			<attribute key="areaEffect" value="firearea"/>
		</attack>
		<attack name="physical" interval="1100" chance="100" min="-850" max="-1150">
		<attribute key="shootEffect" value="largerock"/>
		</attack>
		<attack name="fire" interval="1000" chance="18" target="1" range="7" min="-980" max="-1500"> 
			<attribute key="shootEffect" value="fire"/>
			<attribute key="areaEffect" value="fireattack"/>
		</attack>
		<attack name="death" interval="1000" chance="13" target="1" min="-808" max="-1565"> 
			<attribute key="shootEffect" value="suddendeath"/>
			<attribute key="areaEffect" value="mortarea"/>
		</attack>
		<attack name="earth" interval="1000" chance="20" target="1" range="5" min="-850" max="-1495"> 
				<attribute key="areaEffect" value="greenshimmer"/>		
				<attribute key="shootEffect" value="poison"/>
		</attack>
	</attacks>
	<defenses armor="30" defense="40"/>
	<immunities>
    <immunity invisible="1"/>
	<immunity paralyze="1"/>
  </immunities>
	<voices interval="2000" chance="5">
		<voice sentence="I will finish you!"/>
		<voice sentence="You are no match for a master of the Mooh'Tha!"/>
	</voices>
	  <script>
<event name="teleportarena1"/>
</script>
</monster>
