<?xml version="1.0" encoding="UTF-8"?>
<monster name="The Pit Lord" nameDescription="the pit lord" race="blood" experience="2500" speed="900" manacost="0">
  <health now="150000" max="150000"/>
  <look type="55" head="20" body="30" legs="40" feet="50" corpse="7349"/>
  <targetchange interval="2000" chance="5"/>
  <strategy attack="100" defense="0"/>
  <flags>
    <flag summonable="0"/>
    <flag attackable="1"/>
    <flag hostile="1"/>
    <flag illusionable="1"/>
    <flag convinceable="0"/>
    <flag pushable="0"/>
    <flag canpushitems="1"/>
    <flag staticattack="84"/>
    <flag lightlevel="0"/>
    <flag lightcolor="0"/>
    <flag targetdistance="1"/>
    <flag runonhealth="0"/>
  </flags>
  <attacks>
<attack name="melee" interval="1000" skill="180" attack="220"/>
  <attack name="physical" interval="1000" chance="100" min="-950" max="-1550">
	<attribute key="shootEffect" value="largerock"/>
  </attack>	
 </attacks>
  <defenses armor="60" defense="44">
    <defense name="speed" interval="5000" chance="100" duration="2500" speedchange="400">
		<attribute key="areaEffect" value="redshimmer"/>
	</defense>
    <defense name="healing" interval="6000" chance="65" min="50" max="210">  
		<attribute key="areaEffect" value="greenshimmer"/>
	</defense>
  </defenses>
  <elements>
	<element icePercent="-15"/>
	<element earthPercent="80"/>
  </elements>
  <immunities>
    <immunity invisible="1"/>
	<immunity paralyze="1"/>
  </immunities>
  <voices interval="8000" chance="20">
    <voice sentence="I'LL GET YOU ALL!"/>
    <voice sentence="I won't let you escape!"/>
	<voice sentence="I'll crush you beneath my feet!"/>
 </voices>
   <script>
<event name="teleportarena1"/>
</script>
</monster>
