<?xml version="1.0" encoding="UTF-8"?>
<monster name="Webster" nameDescription="webster" race="undead" experience="1200" speed="900" manacost="0">
  <health now="155000" max="155000"/>
  <look type="263" head="0" body="0" legs="0" feet="0" corpse="7349"/>
  <!--<targetchange/>-->
  <strategy attack="100" defense="0"/>
  <flags>
    <flag summonable="0"/>
    <flag attackable="1"/>
    <flag hostile="1"/>
    <flag illusionable="1"/>
    <flag convinceable="0"/>
    <flag pushable="0"/>
    <flag canpushitems="1"/>
    <flag staticattack="85"/>
    <flag lightlevel="0"/>
    <flag lightcolor="0"/>
    <flag targetdistance="1"/>
    <flag runonhealth="0"/>
  </flags>
  <attacks>
    <attack name="melee" interval="1000" skill="180" attack="220" poison="80"/>
    <attack name="speed" interval="2000" chance="30" radius="5" target="0" speedchange="-500" duration="7000">
		<attribute key="areaEffect" value="poff"/>
	</attack>
    <attack name="ice" interval="1000" chance="18" range="7" min="-962" max="-1508">
		<attribute key="shootEffect" value="smallice"/>
	</attack>
  </attacks>
  <defenses armor="39" defense="34"/>
  <elements>
	<element energyPercent="-15"/>
  </elements>
  <immunities>
    <immunity ice="1"/>
	<immunity paralyze="1"/>
    <immunity invisible="1"/>
  </immunities>
<voices interval="2000" chance="5">
    <voice sentence="You are lost!"/>
    <voice sentence="Come my little morsel."/>
  </voices>
    <script>
<event name="teleportarena1"/>
</script>
</monster>
