<?xml version="1.0" encoding="UTF-8"?>
<monster name="Yeti" nameDescription="a yeti" race="blood" experience="460" speed="470" manacost="0">
  <health now="50050" max="50050"/>
  <look type="110" head="20" body="30" legs="40" feet="50" corpse="6038"/>
  <targetchange interval="5000" chance="8"/>
  <strategy attack="100" defense="0"/>
  <flags>
    <flag summonable="0"/>
    <flag attackable="1"/>
    <flag hostile="1"/>
    <flag illusionable="0"/>
    <flag convinceable="0"/>
    <flag pushable="0"/>
    <flag canpushitems="1"/>
    <flag canpushcreatures="1"/>
    <flag targetdistance="1"/>
    <flag staticattack="90"/>
    <flag runonhealth="0"/>
  </flags>
  <attacks>
    <attack name="melee" interval="1000" skill="130" attack="160"/>
    <attack name="physical" interval="1000" chance="15" range="7" min="-890" max="-940">
      <attribute key="shootEffect" value="snowball"/>
      <attribute key="areaEffect" value="poff"/>
    </attack>
    <attack name="energy" interval="1000" chance="12" length="3" spread="3" min="-820" max="-975">
      <attribute key="areaEffect" value="poff"/>
    </attack>
  </attacks>
  <defenses armor="28" defense="33"/>
  <immunities>
    <immunity physical="0"/>
    <immunity energy="1"/>
    <immunity fire="0"/>
    <immunity poison="1"/>
    <immunity lifedrain="1"/>
    <immunity paralyze="1"/>
    <immunity outfit="1"/>
    <immunity drunk="1"/>
    <immunity invisible="1"/>
  </immunities>
  <voices interval="5000" chance="10">
    <voice sentence="Yooodelaaahooohooo!"/>
    <voice sentence="Yooodelaaaheeeheee!"/>
  </voices>
  <loot>
    <item id="2671" countmax="3" chance1="10000" chancemax="0"/>
    <item id="2148" countmax="70" chance1="100000" chancemax="0"/>
    <item id="2666" countmax="5" chance1="33333" chancemax="0"/>
    <item id="2111" countmax="5" chance1="10000" chancemax="0"/>
    <item id="2425" chance="1333"/>
    <item id="4848" chance="600"/>
    <item id="2197" chance="700"/>
    <item id="2381" chance="6666"/>
    <item id="2177" chance="2500"/>
    <item id="2044" chance="10000"/>
    <item id="2448" chance="10000"/>
    <item id="2688" countmax="4" chance1="2500" chancemax="0"/>
  </loot>
</monster>
