<?xml version="1.0" encoding="UTF-8"?>
<monster name="Avalanche" nameDescription="avalanche" race="undead" experience="305" speed="195">
	<health now="550" max="550"/>
	<look type="261" corpse="7349"/>
	<targetchange interval="2000" chance="5"/>
	<strategy attack="100" defense="0"/>
	<flags>
		<flag pushable="0"/>
		<flag canpushitems="1"/>
		<flag staticattack="78"/>
	</flags>
	<attacks>
		<attack name="melee" interval="2000" min="-10" max="-185"/>
		<attack name="physical" interval="1000" chance="11" length="5" spread="0" min="-10" max="-50">
			<attribute key="areaEffect" value="energyarea"/>
		</attack>
		<attack name="speed" interval="1000" chance="10" radius="3" duration="10000" speedchange="-400">
			<attribute key="areaEffect" value="poff"/>
		</attack>
		<attack name="ice" interval="1000" chance="9" radius="1" target="1" range="5" min="0" max="-40">
			<attribute key="shootEffect" value="smallice"/>
		</attack>
	</attacks>
	<defenses armor="26" defense="27">
	</defenses>
	<immunities>
		<immunity name="earth"/>
		<immunity name="invisible"/>
	</immunities>
	<elements>
	<element firePercent="30"/>
	<element energyPercent="-10"/>
	</elements>
</monster>
