<?xml version="1.0" encoding="UTF-8"?>
<monster name="Deadeye Devious" nameDescription="Deadeye Devious" race="blood" experience="800" speed="300" manacost="0">
  <health now="2200" max="2200"/>
  <look type="151" head="114" body="76" legs="33" feet="116" addons="2" corpse="6080"/>
  <targetchange interval="5000" chance="8"/>
  <strategy attack="100" defense="25"/>
  <flags>
    <flag summonable="0"/>
    <flag attackable="1"/>
    <flag hostile="1"/>
    <flag illusionable="0"/>
    <flag convinceable="0"/>
    <flag pushable="0"/>
    <flag canpushitems="1"/>
    <flag canpushcreatures="1"/>
    <flag staticattack="90"/>
    <flag targetdistance="1"/>
    <flag runonhealth="0"/>
  </flags>
<attacks>
    <attack name="melee" interval="1000" skill="80" attack="120"/>
    <attack name="physical" interval="2000" chance="17" range="7" min="-100" max="-250">
      <attribute key="shootEffect" value="enchantedspear"/>
    </attack>
    <attack name="lifedrain" interval="1000" chance="14" radius="8" target="0" min="-120" max="-350">
      <attribute key="areaEffect" value="bluenote"/>
	</attack>
</attacks>
  <defenses armor="25" defense="20">
<defense name="healing" interval="2000" chance="15" min="40" max="70">
      <attribute key="areaEffect" value="blueshimmer"/>
    </defense>
</defenses>
  <immunities>
    <immunity physical="0"/>
    <immunity energy="0"/>
    <immunity fire="0"/>
    <immunity poison="0"/>
    <immunity lifedrain="0"/>
    <immunity paralyze="0"/>
    <immunity outfit="0"/>
    <immunity drunk="0"/>
    <immunity invisible="1"/>
  </immunities>
<voices interval="5000" chance="10">
    <voice sentence="Let's kill 'em"/>
    <voice sentence="Arrrgh!"/>
    <voice sentence="You'll never take me alive!"/>    
  </voices>
  <loot>
    <item id="2148" countmax="50" chance1="40000" chancemax="108"/>
    <item id="2229" countmax="2" chance1="40000" chancemax="108"/>
    <item id="6102" chance="100000"/> --
    <item id="2387" chance="9999"/>
    <item id="2463" chance="5555"/>
    <item id="2379" chance="100000"/>
    <item id="2476" chance="9000"/>
  </loot>
</monster>
