﻿<?xml version="1.0" encoding="UTF-8"?>
<monster name="pirate Buccaneer" nameDescription="a pirate buccaneer" race="blood" experience="250" speed="230" manacost="595">
  <health now="425" max="425"/>
  <look type="97" head="0" body="0" legs="0" feet="0" corpse="6080"/>
  <targetchange interval="5000" chance="8"/>
  <strategy attack="100" defense="0"/>
  <flags>
    <flag summonable="1"/>
    <flag attackable="1"/>
    <flag hostile="1"/>
    <flag illusionable="0"/>
    <flag convinceable="0"/>
    <flag pushable="0"/>
    <flag canpushitems="1"/>
    <flag canpushcreatures="1"/>
    <flag staticattack="90"/>
    <flag targetdistance="1"/>
    <flag runonhealth="50"/>
  </flags>
<attacks>
    <attack name="melee" interval="2000" skill="64" attack="66"/>
     <attack name="physical" interval="3000" chance="17" range="4" min="-0" max="-80">
        <attribute key="shootEffect" value="throwingknife"/>
      </attack>
</attacks>
  <defenses armor="25" defense="23"/>
  <immunities>
    <immunity physical="0"/>
    <immunity energy="0"/>
    <immunity fire="0"/>
    <immunity poison="0"/>
    <immunity lifedrain="0"/>
    <immunity paralyze="0"/>
    <immunity outfit="0"/>
    <immunity drunk="0"/>
    <immunity invisible="0"/>
  </immunities>
  <voices interval="5000" chance="10">
    <voice sentence="Give up!"/>
  </voices>
  <loot>
    <item id="2148" countmax="43" chance1="40000" chancemax="0"/>
    <item id="2050" chance="6666"/>
    <item id="2385" chance="2057"/>
    <item id="2463" chance="1000"/>
    <item id="2238" chance="10045"/>
    <item id="6095" chance="5000"/>
    <item id="5553" chance="1666"/>
    <item id="5926" chance="100000">
      <inside>
        <item id="5091" chance="1666"/>
        <item id="5792" chance="3333"/>
        <item id="2376" chance="6666"/>
        <item id="6126" countmax="1" chance1="5000" chancemax="0"/>
        <item id="6098" countmax="1" chance1="5000" chancemax="0"/>
        <item id="6097" countmax="1" chance1="5000" chancemax="0"/>
      </inside>
    </item>
  </loot>
</monster>
