﻿<?xml version="1.0" encoding="UTF-8"?>
<monster name="pirate Corsair" nameDescription="a pirate corsair" race="blood" experience="350" speed="230" manacost="775">
  <health now="675" max="675"/>
  <look type="98" head="0" body="0" legs="0" feet="0" corpse="6080"/>
  <targetchange interval="5000" chance="8"/>
  <strategy attack="100" defense="0"/>
  <flags>
    <flag summonable="0"/>
    <flag attackable="1"/>
    <flag hostile="1"/>
    <flag illusionable="0"/>
    <flag convinceable="1"/>
    <flag pushable="0"/>
    <flag canpushitems="1"/>
    <flag canpushcreatures="1"/>
    <flag staticattack="90"/>
    <flag targetdistance="1"/>
    <flag runonhealth="0"/>
  </flags>
    <attacks>
    <attack name="melee" interval="2000" skill="70" attack="65"/>
    <attack name="physical" interval="3000" chance="25" range="7" min="-40" max="-70">
		<attribute key="shootEffect" value="throwingstar"/>
			</attack>
    <attack name="melee" interval="1000" chance="30" range="7" radius="3" target="0" min="-0" max="-0">
		<attribute key="areaEffect" value="rednote"/>
</attack>
</attacks>
  <defenses armor="25" defense="20"/>
  <immunities>
    <immunity physical="0"/>
    <immunity energy="0"/>
    <immunity fire="0"/>
    <immunity poison="0"/>
    <immunity lifedrain="0"/>
    <immunity paralyze="0"/>
    <immunity outfit="0"/>
    <immunity drunk="0"/>
    <immunity invisible="1"/>
  </immunities>
  <loot>
    <item id="2148" countmax="80" chance1="50000" chancemax="0"/>
    <item id="2385" chance="9000"/>
    <item id="2489" chance="1333"/>
    <item id="2521" chance="1400"/>
    <item id="6096" chance="1000"/>
    <item id="6095" chance="2500"/>
    <item id="5926" chance="100000">
      <inside>
        <item id="5091" chance="1666"/>
        <item id="5462" chance="450"/>
        <item id="5792" chance="3333"/>
        <item id="2376" chance="5555"/>
        <item id="6098" countmax="1" chance1="5000" chancemax="0"/>
      </inside>
    </item>
  </loot>
</monster>
