<?xml version="1.0" encoding="UTF-8"?>
<monster name="red middle tower" nameDescription="a red middle tower" race="blood" experience="0" speed="0" manacost="0">
  <health now="4000000" max="4000000"/>
  <look typeex="9596" />
   <script>
    
    <event name="dttDeath"/>
    <event name="dttStats"/>
	<event name="dttCombat"/>
  </script>
  <targetchange interval="5000" chance="30"/>
  <strategy attack="100" defense="0"/>
  <flags>
    <flag summonable="0"/>
    <flag attackable="1"/>
    <flag hostile="1"/>
    <flag illusionable="0"/>
    <flag convinceable="0"/>
    <flag pushable="0"/>
    <flag canpushitems="1"/>
    <flag canpushcreatures="1"/>
    <flag targetdistance="4"/>
    <flag staticattack="90"/>
    <flag runonhealth="800"/>
  </flags>
	<attacks>
	</attacks>
  <defenses armor="1" defense="1"/>
	<elements>
		<element firePercent="100"/>
		<element energyPercent="100"/>
		<element icePercent="100"/>
		<element earthPercent="90"/>
		<element holyPercent="-25"/>
		<element physicalPercent="-33"/>
	</elements>
	<immunities>
		<immunity paralyze="1"/>
		<immunity invisible="1"/>
	</immunities>
  <summons maxSummons="2">
    <summon name="deathspawn" interval="1500" chance="0" max="0"/>
  </summons>
  <loot>
    <item id="2148" countmax="20" chance1="100000" chancemax="0"/>
  </loot>
</monster>
