<?xml version="1.0" encoding="UTF-8"?>
<monster name="spider of jungle" nameDescription="a spider of jungle" race="venom" experience="900" speed="270" manacost="0">
  <health now="1500000" max="1500000"/>
  <look type="38" head="0" body="0" legs="0" feet="0" corpse="5977"/>
  <script>
    <event name="dttDeath"/>
  </script>
  <targetchange interval="5000" chance="8"/>
  <strategy attack="100" defense="0"/>
  <flags>
    <flag summonable="0"/>
    <flag attackable="1"/>
    <flag hostile="1"/>
    <flag illusionable="0"/>
    <flag convinceable="0"/>
    <flag pushable="0"/>
    <flag canpushitems="1"/>
    <flag canpushcreatures="1"/>
    <flag targetdistance="1"/>
    <flag staticattack="90"/>
    <flag runonhealth="0"/>
  </flags>
  <attacks>
    <attack name="melee" interval="2000" skill="80" attack="75"/>
    <attack name="poisonfield" interval="1000" chance="13" range="7" radius="1" target="1">
      <attribute key="shootEffect" value="poison"/>
    </attack>
	<attack name="earth" interval="2000" chance="12" range="7" target="1" min="-40" max="-70">
      <attribute key="shootEffect" value="poison"/>
    </attack>
  </attacks>
  <defenses armor="30" defense="30">
    <defense name="speed" interval="1000" chance="6" speedchange="290" duration="20000"/>
  </defenses>
  <elements>
	<element firePercent="-10"/>
	<element energyPercent="20"/>
	<element icePercent="20"/>  
  </elements>
  <immunities>
    <immunity earth="1"/>
    <immunity invisible="1"/>
  </immunities>
  <summons maxSummons="2">
    <summon name="poison spider" interval="1000" chance="20" max="2"/>
  </summons>
  <loot>
    <item id="2148" countmax="60" chance1="100000" chancemax="0"/> --Gold
    <item id="2463" chance="4000"/>
    <item id="2171" chance="800"/> --P ammy
    <item id="2459" chance="20000"/>
    <item id="5879" countmax="1" chance1="5000" chancemax="0"/>	--Silk
	<item id="7901" chance="1777"/> --Lightning headband
    <item id="1987" chance="100000"> --Bag
      <inside>
	    <item id="2545" countmax="13" chance1="8000" chancemax="3000"/> --Poison arrows
        <item id="2148" countmax="50" chance1="100000" chancemax="0"/> --Gold
        <item id="2457" chance="5000"/>
        <item id="2476" chance="2500"/> --Knight Armor        
        <item id="2478" chance="10000"/> --Brass Legs
        <item id="2169" chance="2900"/> --Time ring
      </inside>
    </item>
  </loot>
</monster>
