﻿<?xml version="1.0" encoding="UTF-8"?>
<monster name="Beta" nameDescription="Beta" race="blood" experience="20000" speed="1010" manacost="0">
  <health now="50200" max="50200"/>
  <look typeex="5554"/>
  <targetchange interval="5000" chance="8"/>
  <strategy attack="100" defense="0"/>
  <flags>
    <flag summonable="0"/>
    <flag attackable="1"/>
    <flag hostile="1"/>
    <flag illusionable="1"/>
    <flag convinceable="0"/>
    <flag pushable="0"/>
    <flag canpushitems="1"/>
    <flag canpushcreatures="1"/>
    <flag targetdistance="1"/>
    <flag staticattack="90"/>
    <flag runonhealth="0"/>    
  </flags>
    <attacks>
    <attack name="ice" interval="1000" chance="12" range="7" radius="3" target="0" min="-490" max="-655">
		<attribute key="areaEffect" value="bubbles"/>
	</attack>
	<attack name="ice" interval="1000" chance="12" length="7" spread="0" min="-400" max="-500">
		<attribute key="areaEffect" value="bubbles"/>
	</attack>
    <attack name="death" interval="1000" chance="14" range="7" target="1" min="-300" max="-420">
	<attribute key="shootEffect" value="suddendeath"/>
    </attack>
	<attack name="lifedrain" interval="1000" chance="13" radius="3" target="0" min="-300" max="-500">
      <attribute key="areaEffect" value="redshimmer"/>
    </attack>
  </attacks>
  <defenses armor="22" defense="23">
    <defense name="healing" interval="1000" chance="12" min="100" max="200">
      <attribute key="areaEffect" value="blueshimmer"/>
    </defense>
    <defense name="speed" interval="1500" chance="10" speedchange="1000" duration="6000">
      <attribute key="areaEffect" value="blueshimmer"/>
    </defense>
  </defenses>
  <immunities>
    <immunity physical="0"/>
    <immunity energy="0"/>
    <immunity fire="0"/>
    <immunity poison="0"/>
    <immunity lifedrain="0"/>
    <immunity paralyze="0"/>
    <immunity outfit="1"/>
    <immunity drunk="1"/>
    <immunity invisible="1"/>
  </immunities>
</monster>
