﻿<?xml version="1.0" encoding="UTF-8"?>
<monster name="Exp" nameDescription="Exp" race="blood" experience="500000" speed="0" manacost="0">
  <health now="100" max="100"/>
  <look type="158" body="86" feet="79" head="114"  legs="94"  addons="1" corpse="6080"/>
  <targetchange interval="5000" chance="8"/>
  <strategy attack="100" defense="0"/>
  <flags>
    <flag summonable="0"/>
    <flag attackable="1"/>
    <flag hostile="1"/>
    <flag illusionable="1"/>
    <flag convinceable="0"/>
    <flag pushable="0"/>
    <flag canpushitems="1"/>
    <flag canpushcreatures="1"/>
    <flag targetdistance="1"/>
    <flag staticattack="90"/>
    <flag runonhealth="0"/>    
  </flags>
    <attacks>
	<attack name="melee" interval="1000" skill="10" attack="5"/>	
  </attacks>
  <defenses armor="22" defense="23">    
    <defense name="speed" interval="1500" chance="10" speedchange="1010" duration="6000">
      <attribute key="areaEffect" value="blueshimmer"/>
    </defense>
  </defenses>
  <immunities>
    <immunity physical="0"/>
    <immunity energy="0"/>
    <immunity fire="0"/>
    <immunity poison="0"/>
    <immunity lifedrain="0"/>
    <immunity paralyze="0"/>
    <immunity outfit="1"/>
    <immunity drunk="1"/>
    <immunity invisible="1"/>
  </immunities>
  <voices interval="3000" chance="10">
    <voice sentence="Você não vai passar!"/>
    <voice sentence="Credo... Bate que nem homem!" yell="1"/>       
	<voice sentence="AUEHAUEHA... Sou muito trapadora!" yell="1"/>
    <voice sentence="Aaaah..."/>
  </voices>
  <loot capacity="1000">
<item id="2407" chance="1000"/> <!--Bright Sword-->
<item id="2535" chance="1500"/> <!--Castle shield-->
<item id="2497" chance="2000"/> <!--Crusader Helmet-->
<item id="2476" chance="1000"/> <!--Knight armor-->
<item id="5462" chance="1500"/> <!-- Pirate Boots -->
<item id="2002" chance="2000"> <!-- Blue backpack -->
<inside>
<item id="2160" countmax="3" chance="1000"/> <!-- Crystal Coins -->
<item id="2313" chance="2000"/> <!-- Explosion rune -->
<item id="2261" chance="1500"/> <!-- Destroy field -->
<item id="8473" countmax="10" chance="2500"/> <!--Ultimate health potion-->
</inside>
</item>
 </loot>
</monster>
