<?xml version="1.0" encoding="UTF-8"?>
<monster name="Protect Castle" nameDescription="a protect castle" race="undead" experience="12000" speed="0" manacost="0">
  <health now="800000" max="800000"/>
  <look typeex="9787" />
  <targetchange interval="5000" chance="0"/>
  <strategy attack="100" defense="0"/>
	  <script>
</script>
  <flags>
	<flag summonable="0"/>
	<flag attackable="1"/>
	<flag hostile="1"/>
	<flag illusionable="0"/>
	<flag convinceable="0"/>
	<flag pushable="0"/>
	<flag canpushitems="0"/>
	<flag canpushcreatures="1"/>
	<flag targetdistance="1"/>
	<flag staticattack="90"/>
	<flag runonhealth="100"/>
  </flags>
  <attacks>
	<attack name="energy" interval="4000" chance="100" radius="10" target="0" min="-350" max="-500">
   <attribute key="areaEffect" value="energy"/>
</attack>
  </attacks>
  <defenses armor="1" defense="1"/>
  <immunities>
	<immunity poison="1"/>
	<immunity lifedrain="1"/>
	<immunity paralyze="1"/>
	<immunity outfit="1"/>
	<immunity drunk="1"/>
	<immunity invisible="1"/>
  </immunities>
</monster>