﻿<?xml version="1.0" encoding="UTF-8"?>
<monster name="King minotaur" nameDescription="a king minotaur" race="blood" experience="60000" speed="2000" manacost="330">
  <health now="180000" max="180000"/>
  <look type="25" head="20" body="30" legs="40" feet="50" corpse="5969"/>
  <targetchange interval="2000" chance="0"/>
  <strategy attack="100" defense="0"/>
  <flags>
    <flag summonable="0"/>
    <flag attackable="1"/>
    <flag hostile="1"/>
    <flag illusionable="0"/>
    <flag convinceable="0"/>
    <flag pushable="0"/>
    <flag canpushitems="0"/>
    <flag canpushcreatures="0"/>
    <flag targetdistance="1"/>
    <flag staticattack="90"/>
    <flag runonhealth="0"/>
  </flags>
  <attacks>
    <attack name="melee" interval="2000" skill="330" attack="300"/>
<attack name="manadrain" interval="3000" chance="18" radius="12" target="0" min="-1000" max="-1800"/>
<attribute key="areaEffect" value="bluebubble"/>
<attack name="physical" interval="6000" chance="100" range="4" target="1" radius="4" min="-800" max="-1030"/>
<attribute key="areaEffect" value="teleport"/>
  </attacks>
    <defenses>
    <defenses armor="50" defense="50"/>
	<defense name="healing" interval="2000" chance="100" min="7000" max="10000"/>
	</defenses>
  <elements>
    <element icePercent="20"/>
    <element holyPercent="20"/>
    <element deathPercent="30"/>
  </elements>
  <immunities>
    <immunity physical="0"/>
    <immunity energy="0"/>
    <immunity fire="0"/>
    <immunity poison="0"/>
    <immunity lifedrain="0"/>
    <immunity paralyze="0"/>
    <immunity outfit="0"/>
    <immunity drunk="0"/>
    <immunity invisible="0"/>
  </immunities>
  <voices interval="4000" chance="10">
    <voice sentence="I am the king"/>
    <voice sentence="MUAHAHAHA!"/>
    <voice sentence="You'll die!!"/>
    <voice sentence="kaplar!"/>
  </voices>
    <loot>
        <item id="2160" countmax="30" chance="23000"/><!-- gold coin -->
        <item id="5878" countmax="3" chance="3000"/><!-- minoleath -->
        <item id="5804" chance="2500"/><!-- ring -->
        <item id="11238" chance="7000"><!-- bag -->
            <inside>
            </inside>
        </item>
    </loot>
</monster>