﻿<?xml version="1.0" encoding="UTF-8"?>
<monster name="King carniphila" nameDescription="a king carniphila" race="blood" experience="60000" speed="2000" manacost="330">
  <health now="90000" max="90000"/>
  <look type="120" head="20" body="30" legs="40" feet="50" corpse="6047"/>
  <targetchange interval="2000" chance="0"/>
  <strategy attack="100" defense="0"/>
  <flags>
    <flag summonable="0"/>
    <flag attackable="1"/>
    <flag hostile="1"/>
    <flag illusionable="0"/>
    <flag convinceable="0"/>
    <flag pushable="0"/>
    <flag canpushitems="0"/>
    <flag canpushcreatures="0"/>
    <flag targetdistance="1"/>
    <flag staticattack="90"/>
    <flag runonhealth="0"/>
  </flags>
  <attacks>
    <attack name="melee" interval="2000" skill="150" attack="150" poison="95"/>
    <attack name="manadrain" interval="3000" chance="18" radius="12" target="0" min="-600" max="-900"/>	
    <attack name="earth" interval="1000" chance="13" range="7" min="-700" max="-1290">
      <attribute key="shootEffect" value="earth"/>
    </attack>
    <attack name="speed" interval="1000" chance="20" range="7" speedchange="-3000" duration="30000">
      <attribute key="shootEffect" value="poison"/>
      <attribute key="areaEffect" value="greenspark"/>
    </attack>
    <attack name="earth" interval="1000" chance="12" radius="3" target="0" min="-40" max="-130">
      <attribute key="areaEffect" value="poison"/>
    </attack>
  </attacks>
    <defenses>
    <defenses armor="40" defense="40"/>
	<defense name="healing" interval="2000" chance="100" min="2000" max="5000"/>
	</defenses>
  <elements>
    <element icePercent="20"/>
    <element holyPercent="20"/>
    <element deathPercent="30"/>
  </elements>
  <immunities>
    <immunity physical="0"/>
    <immunity energy="0"/>
    <immunity fire="0"/>
    <immunity poison="0"/>
    <immunity lifedrain="0"/>
    <immunity paralyze="0"/>
    <immunity outfit="0"/>
    <immunity drunk="0"/>
    <immunity invisible="0"/>
  </immunities>
  <voices interval="4000" chance="10">
    <voice sentence="I am the king"/>
    <voice sentence="MUAHAHAHA!"/>
    <voice sentence="You'll die!!"/>
    <voice sentence="kaplar!"/>
  </voices>
    <loot>
        <item id="2160" countmax="20" chance="23000"/><!-- gold coin -->
        <item id="5015" chance="5000"/><!-- mandrake -->
        <item id="3939" chance="7000"><!-- bag -->
            <inside>
            </inside>
        </item>
    </loot>
</monster>