<?xml version="1.0" encoding="UTF-8"?>
<monster name="king magician" nameDescription="a king magician" race="blood" experience="60000" speed="1365" manacost="0">
  <health now="200000" max="200000"/>
  <look type="130" head="0" body="114" legs="128" feet="132" addons="3" corpse="6080"/>
  <targetchange interval="2000" chance="30"/>
  <strategy attack="90" defense="10"/>
  <flags>
    <flag summonable="0"/>
    <flag attackable="1"/>
    <flag hostile="1"/>
    <flag illusionable="0"/>
    <flag convinceable="0"/>
    <flag pushable="0"/>
    <flag canpushitems="1"/>
    <flag canpushcreatures="1"/>
    <flag targetdistance="4"/>
    <flag staticattack="90"/>
    <flag runonhealth="1000"/>
  </flags>
  <attacks>
    <attack name="melee" interval="1000" skill="230" attack="230"/>
    <attack name="ice" interval="1000" chance="10" range="7" target="1" min="-2400" attack="-3370">
      <attribute key="shootEffect" value="ice"/>
	  <attribute key="areaEffect" value="iceattack"/>
    </attack>
	<attack name="energy" interval="2000" chance="7" range="7" target="1" min="-1400" max="-2230">
	  <attribute key="shootEffect" value="energyball"/>
	  <attribute key="areaEffect" value="energy"/>
	  </attack>
    <attack name="manadrain" interval="2000" chance="13" range="7" min="-3005" max="-3200">
	<attribute key="shootEffect" value="ice"/>
	</attack>
    <attack name="speed" interval="2000" chance="18" range="7" speedchange="-3400" duration="40000">
	  <attribute key="shootEffect" value="smallice"/>
      <attribute key="areaEffect" value="blueshimmer"/>
    </attack>
    <attack name="fire" interval="2000" chance="28" range="7" radius="3" target="1" min="-800" max="-1550">
      <attribute key="shootEffect" value="burstarrow"/>
      <attribute key="areaEffect" value="firearea"/>
    </attack>
    <attack name="firefield" interval="2000" chance="20" range="7" radius="2" target="1">
      <attribute key="shootEffect" value="fire"/>
    </attack>
    <attack name="energy" interval="3000" chance="18" length="8" spread="0" min="-1950" max="-2330">
      <attribute key="areaEffect" value="bigclouds"/>
    </attack>

  </attacks>
  <defenses armor="80" defense="90">
    <defense name="healing" interval="1000" chance="20" min="1300" max="2000">
      <attribute key="areaEffect" value="blueshimmer"/>
    </defense>
    <defense name="invisible" interval="2000" chance="5" duration="7000">
      <attribute key="areaEffect" value="blueshimmer"/>
    </defense>

  </defenses>
  <elements>
	<element physicalPercent="-10"/>
	<element holyPercent="-10"/>
	<element earthPercent="90"/>
  </elements>
  <immunities>
    <immunity physical="0"/>
    <immunity energy="1"/>
    <immunity fire="1"/>
    <immunity ice="1"/>
    <immunity lifedrain="0"/>
    <immunity paralyze="1"/>
    <immunity outfit="1"/>
    <immunity drunk="1"/>
    <immunity invisible="1"/>
  </immunities>
  <summons maxSummons="4">
    <summon name="minishabaal" interval="1000" chance="10" />
  </summons>
  <voices interval="3000" chance="10">
    <voice sentence="You'll die motherfucker!!!!"/>
    <voice sentence="let's see if you can deal with me."/>
    <voice sentence="We don't like intruders!"/>
  </voices>
  <loot>
    <item id="2148" countmax="100" chance1="100000" chancemax="0"/>
	<item id="2160" countmax="60" chance1="10000" chancemax="0"/>
    <item id="5809" chance="2500" />
  </loot>
</monster>
