﻿<?xml version="1.0" encoding="UTF-8"?>
<monster name="King Of Pandas" nameDescription="a king of pandas" race="blood" experience="50000000" speed="10000" manacost="300">
  <health now="15000000" max="15000000"/>
  <look type="123" head="80" body="150" legs="180" feet="250" corpse="6049"/>
  <targetchange interval="2000" chance="0"/>
  <strategy attack="100" defense="0"/>
  <flags>
    <flag summonable="0"/>
    <flag attackable="1"/>
    <flag hostile="1"/>
    <flag illusionable="1"/>
    <flag convinceable="1"/>
    <flag pushable="0"/>
    <flag canpushitems="0"/>
    <flag canpushcreatures="0"/>
    <flag targetdistance="1"/>
    <flag staticattack="90"/>
    <flag runonhealth="15"/>
  </flags>
  <attacks>
    <attack name="melee" interval="2000" skill="150" attack="180"/>
  </attacks>
  <defenses armor="100" defense="100"/>
  <elements>
  <element firePercent="1"/>
  </elements>
  <immunities>
    <immunity earth="1"/>
  </immunities>
  <voices interval="1000" chance="2">
    <voice sentence="Grrrrr"/>
    <voice sentence="SpokPOKSopkpoKPOSkpokOKSpokpoKSPOko"/>
    <voice sentence="Groarr"/>
  </voices>
  <loot>
    <item id="2671" countmax="1" chance1="8985" chancemax="0"/>
    <item id="2666" countmax="15" chance1="33333" chancemax="0"/>
    <item id="3976" countmax="10" chance1="50000" chancemax="0"/>
  </loot>
</monster>
