<?xml version="1.0" encoding="UTF-8"?>
<monster name="Medusa Vip" nameDescription="a medusa vip" race="blood" experience="5550" speed="240" manacost="0">
	<health now="4500" max="4500"/>
	<look type="330" corpse="10524"/>
	<targetchange interval="5000" chance="8"/>
	<strategy attack="100" defense="0"/>
	<flags>
		<flag summonable="0"/>
		<flag attackable="1"/>
		<flag hostile="1"/>
		<flag illusionable="0"/>
		<flag convinceable="0"/>
		<flag pushable="0"/>
		<flag canpushitems="1"/>
		<flag canpushcreatures="1"/>
		<flag targetdistance="1"/>
		<flag staticattack="90"/>
		<flag runonhealth="275"/>
	</flags>
	<attacks>
		<attack name="melee" interval="2000" skill="80" attack="83" poison="920"/>
		<attack name="earth" interval="1000" chance="10" length="8" spread="3" min="-250" max="-550">
			<attribute key="areaEffect" value="carniphila"/>
		</attack>
		<attack name="lifedrain" interval="1000" chance="15" range="7" min="-90" max="-300"> 
			<attribute key="shootEffect" value="earth"/>
			<attribute key="areaeffect" value="carniphila"/>
		</attack>
		<attack name="speed" interval="1000" chance="10" radius="5" target="0" duration="12000" speedchange="-700">
			<attribute key="areaEffect" value="poff"/>
		</attack>
		<attack name="speed" interval="1000" chance="30" range="7" duration="12000" speedchange="-700">
			<attribute key="areaEffect" value="redshimmer"/>
			<outfit type="333"/>
		</attack>
	</attacks>
	<defenses armor="25" defense="25">
		<defense name="healing" interval="1000" chance="18" min="200" max="400">
			<attribute key="areaEffect" value="blueshimmer"/>
		</defense>
	</defenses>
	<elements>
		<element icePercent="20"/>
		<element firePercent="-5"/>
		<element energyPercent="-10"/>
	</elements>
	<immunities>
		<immunity earth="1"/>
		<immunity paralyze="1"/>
		<immunity invisible="1"/>
	</immunities>
	<voices interval="5000" chance="10">
		<voice sentence="You will ssuch a fine ssstatue!"/>
		<voice sentence="There isss no chhhanccce of esscape"/>
		<voice sentence="Are you tired	or why are you moving thhat sslow"/>
	</voices>
	  <loot>
    <item id="2148" countmax="100" chance1="100000" chancemax="0"/>
    <item id="2148" countmax="80" chance1="100000" chancemax="0"/>
    <item id="2671" countmax="3" chance="60000"/>
    <item id="7590" countmax="2" chance="60000"/>
    <item id="2476" chance="30000"/>
    <item id="2536" chance="10000"/>
    <item id="3976" countmax="10" chance1="50000" chancemax="0"/>
    <item id="2149" countmax="3" chance="5000"/>
    <item id="2004" chance="100000">
      <inside>
        <item id="2152" countmax="2" chance="50000"/>
        <item id="9808" chance="400"/>
        <item id="7887" chance="2000"/>
        <item id="7885" chance="1000"/>
        <item id="7884" chance="1000"/>
        <item id="7413" chance="1000"/>
	<item id="2112" chance="4100"/> --addon doll
        <item id="8473" countmax="2" chance1="50000" chancemax="0"/>
        <item id="2143" countmax="2" chance1="50000" chancemax="0"/>
      </inside>
    </item>
  </loot>
</monster>