<?xml version="1.0"?>
<monster name="Goblin Assassin" nameDescription="a goblin assassin" race="blood" experience="52" speed="220" manacost="360">
	<health now="75" max="75"/>
	<look type="296" corpse="6002"/>
	<targetchange interval="10000" chance="0"/>
	<flags>
		<flag summonable="1"/>
		<flag attackable="1"/>
		<flag hostile="1"/>
		<flag illusionable="1"/>
		<flag convinceable="1"/>
		<flag pushable="1"/>
		<flag canpushitems="0"/>
		<flag canpushcreatures="0"/>
		<flag targetdistance="1"/>
		<flag staticattack="90"/>
		<flag runonhealth="15"/>
	</flags>
 
	<attacks>
		<attack name="melee" interval="2000" max="-15"/>
		<attack name="drunk" interval="5000" chance="15" duration="10000">
			<attribute key="areaEffect" value="poison"/>
			<attriubte key="shootEffect" value="poison"/>
		</attack>
		<attack name="physical" interval="1000" chance="9" range="6" min="-15" max="-25">
			<attribute key="shootEffect" value="throwingknife"/>
		</attack>
	</attacks>
 
	<defenses armor="15" defense="15">
		<defense name="invisible" interval="7500" chance="10" duration="5000">
			<attribute key="areaEffect" value="blueshimmer"/>
		</defense>
	</defenses>
 
	<elements>
		<element energyPercent="10"/>
		<element earthPercent="-10"/>
		<element holyPercent="5"/>
		<element deathPercent="-15"/>
	</elements>
 
	<voices interval="5000" chance="10">
		<voice sentence="Goblin Powahhh!"/>
	</voices>
 
	<loot>
		<item id="2148" countmax="9" chance1="100000" chancemax="0"/>
		<item id="2667" countmax="1" chance1="20000" chancemax="0"/>
		<item id="2235" chance="10000"/>
		<item id="2461" chance="10000"/>
		<item id="2230" chance="10000"/>
		<item id="1987" chance="100000">
            <inside>
				<item id="1294" countmax="3" chance1="20000" chancemax="0"/>
				<item id="2406" chance="10000"/>
				<item id="2559" chance="10000"/>
				<item id="2379" chance="10000"/>
			</inside>	
		</item>
	</loot>

</monster>

