﻿<?xml version="1.0" encoding="UTF-8"?>
<monster name="Demodras" nameDescription="Demodras" race="fire" experience="3100" speed="300" manacost="0">
  <health now="4500" max="4500"/>
  <look type="204" head="20" body="30" legs="40" feet="50" corpse="5984"/>
  <targetchange interval="5000" chance="8"/>
  <strategy attack="100" defense="0"/>
  <flags>
    <flag summonable="0"/>
    <flag attackable="1"/>
    <flag hostile="1"/>
    <flag illusionable="1"/>
    <flag convinceable="0"/>
    <flag pushable="0"/>
    <flag canpushitems="1"/>
    <flag canpushcreatures="1"/>
    <flag targetdistance="1"/>
    <flag staticattack="90"/>
    <flag runonhealth="300"/>
</flags>
<attacks>
    <attack name="melee" interval="2000" skill="100" attack="100"/>
    <attack name="fire" interval="1000" chance="14" range="7" radius="4" target="1" min="-250" max="-550">
      <attribute key="shootEffect" value="fire"/>
      <attribute key="areaEffect" value="firearea"/>
    </attack>
    <attack name="fire" interval="1000" chance="10" range="7" radius="6" target="1">
      <attribute key="shootEffect" value="fire"/>
    </attack>
    <attack name="fire" interval="1000" chance="11" length="8" spread="3" min="-250" max="-750">
      <attribute key="areaEffect" value="firearea"/>
    </attack>
  </attacks>
  <defenses armor="35" defense="25">
    <defense name="healing" interval="1000" chance="20" min="400" max="700">
      <attribute key="areaEffect" value="blueshimmer"/>
    </defense>
  </defenses>
  <immunities>
    <immunity physical="0"/>
    <immunity energy="0"/>
    <immunity fire="1"/>
    <immunity poison="1"/>
    <immunity lifedrain="1"/>
    <immunity paralyze="1"/>
    <immunity outfit="1"/>
    <immunity drunk="1"/>
    <immunity invisible="1"/>
  </immunities>
  <summons maxSummons="2">
    <summon name="dragon" interval="1000" chance="17" max="2"/>
  </summons>
  <voices interval="5000" chance="10">
    <voice sentence="ZCHHHHH" yell="1"/>
    <voice sentence="I WILL SET THE WORLD IN FIRE!" yell="1"/>
    <voice sentence="I WILL PROTECT MY BROOD!" yell="1"/>
  </voices>
  <loot>
    <item id="2148" countmax="100" chance1="100000" chancemax="0"/>
    <item id="2672" countmax="2" chance1="20000" chancemax="0"/>
    <item id="2033" chance="1818"/>
    <item id="1976" chance="3333"/>
    <item id="2413" chance="5000"/>
    <item id="2498" chance="588"/>
    <item id="2492" chance="333"/>
    <item id="2547" countmax="10" chance1="2222" chancemax="0"/>
    <item id="2546" countmax="5" chance1="2222" chancemax="0"/>
    <item id="2796" countmax="1" chance1="6666" chancemax="0"/>
    <item id="3976" countmax="10" chance1="50000" chancemax="0"/>
    <item id="1987" chance="100000">
      <inside>
        <item id="2148" countmax="100" chance1="100000" chancemax="0"/>
        <item id="2149" countmax="2" chance1="833" chancemax="0"/>
        <item id="2392" chance="1428"/>
        <item id="2146" countmax="2" chance1="2222" chancemax="0"/>
        <item id="2528" chance="1333"/>
        <item id="5948" countmax="1" chance1="5000" chancemax="0"/>
        <item id="5882" countmax="1" chance1="5000" chancemax="0"/>
        <item id="5919" chance="100000"/>
      </inside>
    </item>
  </loot>
</monster>
