<?xml version="1.0" encoding="UTF-8"?>
<monster name="dragon lord hatchling" nameDescription="a dragon lord hatchling" race="blood" experience="645" speed="200" manacost="0">
	<health now="750" max="750"/>
	<look type="272" head="0" body="0" legs="0" feet="0" corpse="7622"/>
	<targetchange interval="2000" chance="5"/>
	<strategy attack="70" defense="10"/>
	<flags>
		<flag summonable="0"/>
		<flag attackable="1"/>
		<flag hostile="1"/>
		<flag illusionable="1"/>
		<flag convinceable="0"/>
		<flag pushable="0"/>
		<flag canpushitems="1"/>
		<flag canpushcreatures="1"/>
		<flag targetdistance="1"/>
		<flag runonhealth="80"/>
	</flags>
	<attacks>
		<attack name="melee" interval="2000" skill="55" attack="45"/>
		<attack name="fire" interval="1000" chance="12" length="8" spread="3" min="-40" max="-110">
			<attribute key="areaEffect" value="firearea"/>
		</attack>
		<attack name="lifedrain" interval="1000" chance="14" length="8" spread="3" min="-60" max="-90">
			<attribute key="areaEffect" value="poff"/>
		</attack>
		<attack name="fire" interval="1000" chance="15" range="7" min="-40" max="-80">
			<attribute key="shootEffect" value="fire"/>
		</attack>
		<attack name="fire" interval="1000" chance="17" range="7" radius="4" target="1" min="-80" max="-140">
			<attribute key="shootEffect" value="fire"/>
			<attribute key="areaEffect" value="firearea"/>
		</attack>
		<attack name="firefield" interval="1000" chance="15" range="7" radius="4" target="1">
			<attribute key="shootEffect" value="fire"/>
		</attack>
	</attacks>
	<defenses armor="25" defense="38">
		<defense name="healing" interval="1000" chance="13" min="26" max="48">
			<attribute key="areaEffect" value="blueshimmer"/>
		</defense>
	</defenses>
	<immunities>
		<immunity physical="0"/>
		<immunity energy="0"/>
		<immunity fire="1"/>
		<immunity poison="0"/>
		<immunity lifedrain="0"/>
		<immunity paralyze="1"/>
		<immunity outfit="1"/>
		<immunity drunk="1"/>
		<immunity invisible="1"/>
	</immunities>
	<voices interval="5000" chance="50">
		<voice sentence="Zchu?" yell="0"/>
	</voices>
	<loot capacity="800">
		<item id="7620" countmax="1" chance="3500"/>
		<item id="2672" countmax="1" chance="5000"/>
		<item id="2796" countmax="1" chance="3500"/>
		<item id="2148" countmax="100" chance="100000"/>
    <item id="1987" chance="100000">
      <inside>
        <item id="2148" countmax="20" chance1="100000" chancemax="0"/>
        <item id="7891" chance="200"/>
      </inside>
	</item>
	</loot>
</monster>