﻿<?xml version="1.0" encoding="UTF-8"?>
<monster name="Sea Serpent" nameDescription="a sea serpent" race="blood" experience="20300" speed="1850" manacost="390">
	<health now="53200" max="53200"/>
	<look type="275" head="0" body="0" legs="0" feet="0" corpse="8307"/>
	<targetchange interval="2000" chance="50"/>
	<strategy attack="100" defense="0"/>
	<flags>
		<flag summonable="0"/>
		<flag attackable="1"/>
		<flag hostile="1"/>
		<flag illusionable="0"/>
		<flag convinceable="0"/>
		<flag pushable="0"/>
		<flag canpushitems="1"/>
		<flag staticattack="85"/>
		<flag canpushcreatures="1"/>
		<flag targetdistance="0"/>
		<flag runonhealth="0"/>
	</flags>
	<attacks>
		<attack name="melee" interval="2000" skill="75" attack="70"/>
		<attack name="earth" interval="1000" chance="5" length="9" spread="3" min="-800" max="-935">
			<attribute key="areaEffect" value="bigplants"/>
		</attack>
		<attack name="ice" interval="1000" chance="7" length="9" spread="3" min="-820" max="-900">
			<attribute key="areaEffect" value="icearea"/>
		</attack>
		<attack name="drowncondition" interval="1000" chance="8" radius="4" target="1" max="-500">
			<attribute key="areaEffect" value="bluebubble"/>
		</attack>
		<attack name="ice" interval="1000" chance="12" range="7" radius="3" target="0" min="-890" max="-955">
		<attribute key="areaEffect" value="bubbles"/>
	</attack>
	<attack name="ice" interval="1000" chance="12" length="7" spread="0" min="-900" max="-1280">
		<attribute key="areaEffect" value="bubbles"/>
	</attack>
	
	</attacks>
  <defenses armor="16" defense="20">
    <defense name="healing" interval="1000" chance="25" min="50" max="150">
      <attribute key="areaEffect" value="blueshimmer"/>
	</defense>
	</defenses>
	<immunities>
		<immunity ice="1"/>
		<immunity paralyze="1"/>
		<immunity invisible="1"/>
	</immunities>
	<voices interval="3000" chance="20">
		<voice sentence="CHHHRRRR"/>
		<voice sentence="HISSSS"/>
	</voices>
	<elements>
		<element firePercent="30"/>
		<element energyPercent="-10"/>
		<element physicalPercent="-15"/>
		<element deathPercent="-10"/>
	</elements>
  <loot>
    <item id="2148" countmax="71" chance="40000"/>	-- gold coin
    <item id="2146" countmax="1" chance="10000"/>	-- small saphire
    <item id="2666" countmax="4" chance="20000"/>	-- meat
    <item id="2214" chance="10000"/>			-- ring of healing
    <item id="7391" chance="1200"/>			-- Thaian Sword
    <item id="1987" chance="100000">
      <inside>
        <item id="2672" countmax="3" chance="20000"/>	-- dragon ham
		<item id="7888" chance="3100"/>	        -- Glacier amulet
		<item id="8887" chance="1500"/>			-- Frozen Plate		
      </inside>
    </item>
  </loot>
</monster>

