<?xml version="1.0" encoding="UTF-8"?>
<monster name="Chief Destroyer" nameDescription="a chief destroyer" race="blood" experience="2500" speed="270" manacost="0">
  <health now="53700" max="53700"/>
  <look type="236" corpse="6320"/>
  <targetchange interval="5000" chance="8"/>
  <strategy attack="100" defense="0"/>
  <flags>
    <flag summonable="0"/>
    <flag attackable="1"/>
    <flag hostile="1"/>
    <flag illusionable="1"/>
    <flag convinceable="0"/>
    <flag pushable="0"/>
    <flag canpushitems="1"/>
    <flag canpushcreatures="1"/>
    <flag targetdistance="1"/>
    <flag staticattack="90"/>
    <flag runonhealth="0"/>
  </flags>
  <attacks>
    <attack name="melee" interval="2000" skill="70" attack="75" />
    <attack name="physical" interval="2000" chance="15" range="7" min="-1300" max="-2005">
      <attribute key="shootEffect" value="largerock"/>
    </attack>
  </attacks>
  <defenses armor="39" defense="44">
    <defense name="speed" interval="2000" chance="7" speedchange="380" duration="8000">
      <attribute key="areaEffect" value="redshimmer"/>
    </defense>
  </defenses>
  <elements>
		<element earthPercent="20"/>
		<element physicalPercent="15"/>
		<element icePercent="-10"/>
		<element firePercent="30"/>
		<element deathPercent="15"/>
		<element holyPercent="-10"/>
	</elements>
  <immunities>
    <immunity energy="1"/>
    <immunity paralyze="1"/>
    <immunity invisible="1"/>
  </immunities>
  <voices interval="5000" chance="10">
    <voice sentence="Destructiooooon!"/>
    <voice sentence="It's a good day to destroy!"/>
  </voices>
  <loot>
   <item id="2148" countmax="82" chance1="100000" chancemax="0"/> --Gold Coins
   <item id="2645" chance="2222"/> --Steel Boots
   <item id="2152" countmax="3" chance1="20000" chancemax="0"/> --Platinum Coins
   <item id="2393" chance="1300"/> --Giant Sword
   <item id="5741" chance="1000"/> --Skull Helmet
   <item id="2666" countmax="5" chance1="30000" chancemax="0"/> --Meat
   <item id="1987" chance="100000"> --Bag
      <inside>
         <item id="2463" chance="6666"/> --Plate Armor
         <item id="2489" chance="2500"/> --Dark Armor
         <item id="2150" countmax="2" chance1="3500" chancemax="0"/> --Small Amethyst
     </inside>
   </item>
 </loot>
</monster>
