﻿<?xml version="1.0" encoding="UTF-8"?>
<monster name="Chief Defiler" nameDescription="a chief defiler" race="venom" experience="3700" speed="245" manacost="0">
  <health now="33650" max="33650"/>
  <look type="238" corpse="6532"/>
  <targetchange interval="5000" chance="8"/>
  <strategy attack="100" defense="0"/>
  <flags>
    <flag summonable="0"/>
    <flag attackable="1"/>
    <flag hostile="1"/>
    <flag illusionable="1"/>
    <flag convinceable="0"/>
    <flag pushable="0"/>
    <flag canpushitems="1"/>
    <flag canpushcreatures="1"/>
    <flag targetdistance="1"/>
    <flag staticattack="90"/>
    <flag runonhealth="0"/>
  </flags>
  <attacks>
    <attack name="melee" interval="2000" skill="70" attack="70"/>
    <attack name="speed" interval="3000" chance="20" spread="3" length="8" speedchange="-700" duration="10000">
      <attribute key="areaEffect" value="smallplants"/>
    </attack>
	<attack name="poisoncondition" interval="2000" chance="12" radius="7" target="0" min="-1400" max="-2500">
      <attribute key="areaEffect" value="greenspark"/>
    </attack>
    <attack name="earth" interval="2000" chance="20" range="7" min="-1060" max="-2170">
      <attribute key="shootEffect" value="earth"/>
    </attack>
    </attacks>
  <defenses armor="15" defense="15">
    <defense name="healing" interval="1000" chance="50" min="75" max="225">
      <attribute key="areaEffect" value="blueshimmer"/>
    </defense>
  </defenses>
  	<elements>
		<element energyPercent="15"/>
		<element icePercent="10"/>
		<element firePercent="-15"/>
	</elements>
  <immunities>
    <immunity earth="1"/>
    <immunity paralyze="1"/>
    <immunity invisible="1"/>
  </immunities>
  <voices interval="5000" chance="10">
    <voice sentence="Blubb"/>

  </voices>
  <loot>
   <item id="2148" countmax="80" chance1="100000" chancemax="0"/> --Gold Coins
   <item id="2148" countmax="90" chance1="100000" chancemax="0"/> --Gold Coins
   <item id="2148" countmax="100" chance1="100000" chancemax="0"/> --Gold Coins
   <item id="2152" countmax="3" chance1="28000" chancemax="0"/> --Platinum Coin
   <item id="6500" countmax="1" chance1="4500" chancemax="0"/> --Demonic Essence
   <item id="5944" chance="6500"/> --Soul Orb
   <item id="2147" countmax="2" chance1="8500"/> --small ruby
   <item id="2149" countmax="3" chance1="6500"/> --small emerald
  </loot>
</monster>
