﻿<?xml version="1.0" encoding="UTF-8"?>
<monster name="Crystal Spider Abomination" nameDescription="a crystal spider abomination" race="undead" experience="900" speed="790" manacost="0">
  <health now="91250" max="91250"/>
  <look type="263" head="0" body="0" legs="0" feet="0" corpse="7344"/>
  <targetchange speed="20000" chance="8"/>
  <strategy attack="100" defense="0"/>
  <flags>
    <flag summonable="0"/>
    <flag attackable="1"/>
    <flag hostile="1"/>
    <flag illusionable="1"/>
    <flag convinceable="0"/>
    <flag pushable="0"/>
    <flag canpushitems="1"/>
    <flag staticattack="60"/>
    <flag lightlevel="0"/>
    <flag lightcolor="0"/>
    <flag targetdistance="1"/>
    <flag runonhealth="0"/>
  </flags>
  <attacks>
    <attack name="melee" interval="2000" skill="68" attack="70" poison="200"/>
    <attack name="speed" interval="2000" chance="20" range="7" radius="7" target="0" speedchange="-850" duration="8000">
        <attribute key="areaEffect" value="poff"/>
    </attack>
    <attack name="ice" interval="1000" chance="30" range="7" target="1" min="-1060" max="-1500">
		<attribute key="shootEffect" value="smallice"/>
		<attribute key="areaEffect" value="iceattack"/>
	</attack>
	<attack name="speed" interval="2000" chance="13" range="7" target="1" speedchange="-650">
		<attribute key="shootEffect" value="snowball"/>
	</attack>
  </attacks>

  <defenses armor="25" defense="20">
    <defense name="speed" interval="3000" chance="40" speedchange="330" duration="80000">
      <attribute key="areaEffect" value="redshimmer"/>
    </defense>
  </defenses>

	<elements>
	  <element earthPercent="20"/>
	  <element energyPercent="-20"/>
	</elements>
	
  <immunities>
    <immunity ice="0"/>
    <immunity fire="1"/>
    <immunity paralyze="1"/>
    <immunity drunk="1"/>
    <immunity invisible="1"/>
  </immunities>

	<voices interval="2000" chance="5">
		<voice sentence="Screeech!"/>
	</voices>

  <loot>
    <item id="2148" countmax="95" chance1="100000" chancemax="0"/> --Gold Coins
    <item id="2463" chance="3333"/> --Plate Armor
    <item id="2476" chance="1428"/> --Knight Armor
    <item id="2457" chance="3555"/> --Steel Helmet
    <item id="2171" chance="1222"/> --Platinum Amulet
    <item id="7437" chance="1077"/> --Sapphire Hammer
    <item id="1987" chance="100000"> --Bag
      <inside>
        <item id="7449" chance="2455"/> --Crystal Sword
        <item id="2477" chance="1300"/> --Knight Legs
        <item id="7364" countmax="7" chance1="4777" chancemax="0"/> --Sniper Arrows
        <item id="7290" chance="2000"/> --Shard
		<item id="7441" chance="5000"/> --Ice Cube
      </inside>
    </item>
  </loot>
</monster>
