﻿<?xml version="1.0" encoding="UTF-8"?>
<monster name="Dracola Of The Fiery" nameDescription="a dracola of the fiery" race="undead" experience="9000" speed="500" manacost="0">
  <health now="58350" max="58350"/>
  <look type="231" corpse="6306"/>
  <targetchange interval="5000" chance="8"/>
  <strategy attack="100" defense="0"/>
  <flags>
    <flag summonable="0"/>
    <flag attackable="1"/>
    <flag hostile="1"/>
    <flag illusionable="1"/>
    <flag convinceable="0"/>
    <flag pushable="0"/>
    <flag canpushitems="1"/>
    <flag canpushcreatures="1"/>
    <flag targetdistance="1"/>
    <flag staticattack="90"/>
    <flag runonhealth="0"/>
  </flags>
  <attacks>
    <attack name="melee" interval="2000" skill="95" attack="95"/>

    <attack name="fire" interval="2000" chance="20" range="7" radius="4" target="1" min="-1800" max="-2095">
      <attribute key="shootEffect" value="fire"/>
      <attribute key="areaEffect" value="redspark"/>
    </attack>

    <attack name="death" interval="3000" chance="20" range="7" min="-850" max="-1800">
      <attribute key="shootEffect" value="suddendeath"/>
    </attack>

    <attack name="poison" interval="2000" chance="20" range="7" radius="4" target="1" min="-1020" max="-2390">
      <attribute key="shootEffect" value="poison"/>
      <attribute key="areaEffect" value="poison"/>
    </attack>

    <attack name="poison" interval="1000" chance="10" range="7" min="-500" max="-1080">
      <attribute key="shootEffect" value="poison"/>
      <attribute key="areaEffect" value="poison"/>
    </attack>

    <attack name="fire" interval="4000" chance="25" length="8" spread="3" min="-1500" max="-1900">
      <attribute key="areaEffect" value="firearea"/>
    </attack>

    <attack name="poison" interval="2000" chance="23" length="8" spread="3" min="-1200" max="-1685">
      <attribute key="areaEffect" value="poison"/>
    </attack>

    <attack name="lifedrain" interval="3000" chance="25" length="8" spread="3" min="-1300" max="-2300">
      <attribute key="areaEffect" value="greenshimmer"/>
    </attack>

  </attacks>
  <defenses armor="35" defense="30">
  </defenses>
	<elements>
		<element physicalPercent="0"/>
		<element icePercent="10"/>
		<element holyPercent="-1"/>
	</elements>
  <immunities>
    <immunity death="0"/>
    <immunity earth="1"/>
    <immunity fire="1"/>
    <immunity drown="1"/>
    <immunity lifedrain="1"/>
    <immunity paralyze="1"/>
    <immunity invisible="1"/>
  </immunities>
  <voices interval="5000" chance="10">
    <voice sentence="FEEEED MY ETERNAL HUNGER!"/>

  </voices>
	<loot>
		<item id="2148" chance="100000" countmax="100" /> -- gold coin
		<item id="2152" chance="49000" countmax="5" /> -- platinum coin
		<item id="1987" chance="100000" > -- bag
		<item id="2498" chance="3333"/> --Royal Helmet
		<item id="2492" chance="1400"/> --DSM
			<inside>
				<item id="6500" chance="1818" countmax="1" /> -- demonic essence
				<item id="5944" chance="1538" countmax="1" /> -- soul orb
				<item id="2547" chance="4000" countmax="15" /> -- power bolt
				<item id="2466" chance="2888"/> --Golden armor
			</inside>
		</item>
	</loot>
</monster>
