﻿<?xml version="1.0" encoding="UTF-8"?>
<monster name="esqueleto duz inferno" nameDescription="a esqueleto duz inferno" race="undead" experience="540" speed="530" manacost="620">
  <health now="11400" max="11400"/>
  <look type="37" head="20" body="30" legs="40" feet="50" corpse="5963"/>
  <targetchange interval="5000" chance="8"/>
  <strategy attack="100" defense="0"/>
  <flags>
    <flag summonable="1"/>
    <flag attackable="1"/>
    <flag hostile="1"/>
    <flag illusionable="1"/>
    <flag convinceable="1"/>
    <flag pushable="0"/>
    <flag canpushitems="1"/>
    <flag canpushcreatures="1"/>
    <flag targetdistance="1"/>
    <flag staticattack="90"/>
    <flag runonhealth="0"/>
  </flags>
  <attacks>
    <attack name="melee" interval="2000" min="-0" max="-1085"/>
    <attack name="lifedrain" interval="2000" chance="10" range="1" min="-1430" max="-2050"/>
  </attacks>
  <defenses armor="25" defense="25"/>
  	<elements>
		<element icePercent="-10"/>
		<element holyPercent="-25"/>
	</elements>
  <immunities>
    <immunity fire="1"/>
    <immunity poison="1"/>
    <immunity lifedrain="1"/>
    <immunity death="1"/>
    <immunity drunk="1"/>
  </immunities>
  <loot>
    <item id="2148" countmax="40" chance1="100000" chancemax="0"/>
    <item id="2399" countmax="1" chance1="10000" chancemax="0"/>
    <item id="2515" chance="400"/>
    <item id="2178" chance="1000"/>
    <item id="2050" chance="10000"/>
    <item id="1987" chance="100000">
      <inside>
        <item id="2417" chance="5000"/>
        <item id="2482" chance="2857"/>
        <item id="2194" chance="700"/>
        <item id="2398" chance="10000"/>
      </inside>
    </item>
  </loot>
</monster>