﻿<?xml version="1.0" encoding="UTF-8"?>
<monster name="The Super Old Widow" nameDescription="the super old widow" race="venom" experience="2800" speed="520" manacost="0">
  <health now="73200" max="73200"/>
  <look type="208" head="20" body="30" legs="40" feet="50" corpse="5977"/>
  <targetchange interval="5000" chance="8"/>
  <strategy attack="100" defense="0"/>
  <flags>
    <flag summonable="0"/>
    <flag attackable="1"/>
    <flag hostile="1"/>
    <flag illusionable="0"/>
    <flag convinceable="0"/>
    <flag pushable="0"/>
    <flag canpushitems="1"/>
    <flag canpushcreatures="1"/>
    <flag targetdistance="1"/>
    <flag staticattack="90"/>
    <flag runonhealth="0"/>
  </flags>
  <attacks>
    <attack name="melee" interval="2000" skill="110" attack="130"/>
    <attack name="poison" interval="3000" chance="18" range="7" min="-1200" max="-2350">
      <attribute key="shootEffect" value="earth"/>
      <attribute key="areaEffect" value="poison"/>
    </attack>
    <attack name="speed" interval="2000" chance="15" range="7" speedchange="-850" duration="25000">
      <attribute key="shootEffect" value="poison"/>
      <attribute key="areaEffect" value="poison"/>
    </attack>
    <attack name="poisonfield" interval="1000" chance="10" range="7" radius="4" target="1">
      <attribute key="shootEffect" value="poison"/>
    </attack>
    <attack name="earth" interval="2000" chance="12" radius="4" target="0" min="-1300" max="-2350">
      <attribute key="shootEffect" value="poison"/>
    </attack>
  </attacks>
  <defenses armor="30" defense="33">
    <defense name="healing" interval="1000" chance="17" min="225" max="275">
      <attribute key="areaEffect" value="blueshimmer"/>
    </defense>
    <defense name="speed" interval="1000" chance="8" speedchange="345" duration="6000">
      <attribute key="areaEffect" value="redshimmer"/>
    </defense>
  </defenses>
  <immunities>
    <immunity earth="1"/>
    <immunity fire="1"/>
    <immunity invisible="1"/>
  </immunities>
  <summons maxSummons="0">
    <summon name="The Super Old Widow" interval="1000" chance="13" max="0"/>
  </summons>
  <loot>
    <item id="2148" countmax="100" chance1="100000" chancemax="0"/>
    <item id="2463" chance="40000"/>
    <item id="2171" chance="4000"/>
    <item id="2459" chance="20000"/>
    <item id="5879" countmax="1" chance1="100000" chancemax="0"/>
    <item id="1987" chance="100000">
      <inside>
        <item id="2457" countmax="1" chance="10000"/>
        <item id="2148" countmax="40" chance1="100000" chancemax="0"/>
        <item id="2476" chance="10000"/>
        <item id="2477" chance="5000"/>
        <item id="2478" chance="10000"/>
        <item id="2169" chance="8000"/>
      </inside>
    </item>
  </loot>
</monster>
