﻿<?xml version="1.0" encoding="UTF-8" ?> 
 <monster name="Dire Penguin" nameDescription="Dire Penguin" race="blood" experience="120" speed="156" manacost="0">
  <health now="173" max="173" /> 
  <look type="250" head="0" body="0" legs="0" feet="0" corpse="7334" /> 
  <targetchange interval="2000" chance="0" /> 
  <strategy attack="100" defense="0" /> 

 <flags>
  <flag summonable="0" /> 
  <flag attackable="1" /> 
  <flag hostile="1" /> 
  <flag illusionable="1" /> 
  <flag convinceable="0" /> 
  <flag pushable="0" /> 
  <flag canpushitems="0" /> 
  <flag canpushcreatures="0" /> 
  <flag targetdistance="1" /> 
  <flag runonhealth="0" /> 
  </flags>

 <attacks>
    <attack name="melee" interval="2000" skill="25" attack="25"/>
    <attack name="physical" interval="2000" chance="20" range="7" min="-0" max="-60">
      <attribute key="shootEffect" value="suddendeath"/>
      <attribute key="areaEffect" value="mortarea"/>
    </attack>
 </attacks>

  <immunities>
      <immunity physical="0"/>
      <immunity energy="0"/>
      <immunity fire="1"/>
      <immunity poison="0"/>
      <immunity lifedrain="0"/>
      <immunity paralyze="0"/>
      <immunity outfit="1"/>
      <immunity drunk="0"/>
      <immunity invisible="0"/>
    </immunities>


 <loot capacity="300">
  <item id="2148" countmax="10" chance="18000" /> 
  <item id="2669" countmax="1" chance="12000" />
  </loot>
  </monster>