﻿<?xml version="1.0" encoding="UTF-8"?>
<monster name="frost troll" nameDescription="a frost troll" race="blood" experience="23" speed="190" manacost="300">
  <health now="55" max="55"/>
  <look type="53" head="20" body="30" legs="40" feet="50" corpse="5998"/>
  <targetchange interval="2000" chance="0"/>
  <strategy attack="100" defense="0"/>
  <flags>
    <flag summonable="1"/>
    <flag attackable="1"/>
    <flag hostile="1"/>
    <flag illusionable="1"/>
    <flag convinceable="1"/>
    <flag pushable="1"/>
    <flag canpushitems="0"/>
    <flag canpushcreatures="0"/>
    <flag targetdistance="1"/>
    <flag staticattack="90"/>
    <flag runonhealth="10"/>
  </flags>
  <attacks>
    <attack name="melee" interval="2000" skill="19" attack="11"/>
  </attacks>
  <defenses armor="7" defense="9"/>
  <immunities>
    <immunity physical="0"/>
    <immunity energy="0"/>
    <immunity fire="0"/>
    <immunity poison="0"/>
    <immunity lifedrain="0"/>
    <immunity paralyze="0"/>
    <immunity outfit="0"/>
    <immunity drunk="0"/>
    <immunity invisible="0"/>
  </immunities>
  <voices interval="5000" chance="10">
    <voice sentence="Brrrr"/>
    <voice sentence="Broar!"/>
  </voices>
  <loot>
    <item id="3976" countmax="10" chance1="50000" chancemax="0"/>
    <item id="2148" countmax="12" chance1="100000" chancemax="0"/>
    <item id="2382" chance="33333"/>
    <item id="2512" chance="10000"/>
    <item id="2651" chance="20000"/>
    <item id="1987" chance="100000">
      <inside>
        <item id="2384" chance="6666"/>
        <item id="2667" countmax="2" chance1="20000" chancemax="0"/>
        <item id="2448" chance="40000"/>
      </inside>
    </item>
  </loot>
</monster>
