﻿<?xml version="1.0" encoding="UTF-8"?>
<monster name="Island troll" nameDescription="a island troll" race="blood" experience="20" speed="190" manacost="290">
  <health now="50" max="50"/>
  <look type="15" head="20" body="30" legs="40" feet="50" corpse="5960"/>
  <targetchange interval="5000" chance="20"/>
  <strategy attack="100" defense="0"/>
  <flags>
    <flag summonable="1"/>
    <flag attackable="1"/>
    <flag hostile="1"/>
    <flag illusionable="0"/>
    <flag convinceable="0"/>
    <flag pushable="1"/>
    <flag canpushitems="1"/>
    <flag canpushcreatures="0"/>
    <flag staticattack="90"/>
    <flag targetdistance="1"/>
    <flag runonhealth="15"/>
  </flags>
<attacks>
    <attack name="melee" interval="2000" skill="19" attack="12"/>
</attacks>
  <defenses armor="7" defense="9"/>
  <voices interval="5000" chance="10">
    <voice sentence="Hmmm, turtles"/>
    <voice sentence="HHmmm, dogs"/>
    <voice sentence="Groar"/>
    <voice sentence="Gruntz!"/>
  </voices>
  <loot>
    <item id="3976" countmax="10" chance1="50000" chancemax="0"/>
    <item id="2148" countmax="10" chance1="100000" chancemax="0"/>
    <item id="2389" countmax="1" chance1="33333" chancemax="0"/>
    <item id="2643" chance="10000"/>
    <item id="2461" chance="20000"/>
    <item id="2120" chance="23333"/>
    <item id="2172" chance="3333"/>
    <item id="5901" countmax="1" chance1="5000" chancemax="0"/>
    <item id="1987" chance="100000">
      <inside>
        <item id="2512" chance="6666"/>
        <item id="2666" countmax="2" chance1="30000" chancemax="0"/>
        <item id="2380" chance="10000"/>
        <item id="2170" chance="1428"/>
        <item id="2448" chance="10000"/>
      </inside>
    </item>
  </loot>
</monster>
