<?xml version="1.0" encoding="UTF-8"?>
<monster name="swamp troll" nameDescription="a swamp troll" race="VENOM" experience="65" speed="128" manacost="320">
  <health now="55" max="55"/>
  <look type="76" head="20" body="30" legs="40" feet="50" corpse="6018"/>
  <targetchange interval="5000" chance="0"/>
  <strategy attack="100" defense="0"/>
  <flags>
    <flag summonable="1"/>
    <flag attackable="1"/>
    <flag hostile="1"/>
    <flag illusionable="1"/>
    <flag convinceable="1"/>
    <flag pushable="1"/>
    <flag canpushitems="0"/>
    <flag canpushcreatures="0"/>
    <flag targetdistance="1"/>
    <flag staticattack="90"/>
    <flag runonhealth="15"/>
  </flags>
  <attacks>
    <attack name="melee" interval="2000" skill="20" attack="12" poison="30"/>
  </attacks>
  <defenses armor="6" defense="10"/>
  	<elements>
		<element earthPercent="8"/>
		<element firePercent="-8"/>
	</elements>
  <immunities>
    <immunity physical="0"/>
    <immunity energy="0"/>
    <immunity fire="0"/>
    <immunity poison="0"/>
    <immunity lifedrain="0"/>
    <immunity paralyze="0"/>
    <immunity outfit="0"/>
    <immunity drunk="0"/>
    <immunity invisible="0"/>
  </immunities>
  <voices interval="5000" chance="10">
    <voice sentence="Grrrr"/>
    <voice sentence="Groar!"/>
    <voice sentence="Me strong! Me ate spinach!"/>
  </voices>
  <loot>
    <item id="3976" countmax="10" chance1="50000" chancemax="0"/>
    <item id="2148" countmax="12" chance1="100000" chancemax="0"/>
    <item id="2667" countmax="1" chance1="90000" chancemax="0"/>
    <item id="1987" chance="100000">
      <inside>
        <item id="2643" chance="20000"/>
        <item id="2050" chance="20000"/>
        <item id="2580" chance="20000"/>
      </inside>
    </item>
  </loot>
</monster>
