<?xml version="1.0" encoding="UTF-8"?>
<monster name="Troll Champion" nameDescription="a troll champion" race="blood" experience="30" speed="120" manacost="340">
	<health now="75" max="75"/>
	<look type="281" head="0" body="0" legs="0" feet="0" corpse="7926"/>
	<targetchange interval="2000" chance="0"/>
	<strategy attack="100" defense="0"/>
	<flags>
		<flag summonable="1"/>
		<flag attackable="1"/>
		<flag hostile="1"/>
		<flag illusionable="1"/>
		<flag convinceable="1"/>
		<flag pushable="1"/>
		<flag canpushitems="0"/>
		<flag canpushcreatures="0"/>
		<flag targetdistance="1"/>
		<flag runonhealth="20"/>
	</flags>
	<attacks>
		<attack name="melee" interval="2000" skill="25" attack="15"/>
	</attacks>
	<defenses armor="8" defense="8"/>
	<elements>
		<element energyPercent="22"/>
		<element holyPercent="11"/>
		<element earthPercent="-3"/>
		<element deathPercent="-4"/>
	</elements>
	<voices interval="5000" chance="10">
		<voice sentence="Meee maity!"/>
		<voice sentence="Grrrr"/>
		<voice sentence="Whaaaz up!?"/>
		<voice sentence="Gruntz!"/>
	</voices>
	<loot capacity="200">
		<item id="2148" countmax="12" chance="6000"/>
		<item id="2380" countmax="1" chance="1800"/>
		<item id="2643" countmax="1" chance="1000"/>
		<item id="2461" countmax="1" chance="1000"/>
		<item id="2666" countmax="1" chance="1500"/>
		<item id="2120" countmax="1" chance="8000"/>
		<item id="2389" countmax="1" chance="2000"/>
		<item id="2448" countmax="1" chance="5000"/>
		<item id="2512" countmax="1" chance="1500"/>
	</loot>
</monster>