﻿<?xml version="1.0" encoding="utf-8"?>
<monster name="crab" namedescription="a crab" race="blood" experience="30" speed="180" manacost="305">
  <health now="55" max="55"/>
  <look type="112" head="20" body="30" legs="40" feet="50" corpse="6039"/>
  <targetchange interval="2000" chance="0"/>
  <strategy attack="100" defense="0"/>
  <flags>
    <flag summonable="1"/>
    <flag attackable="1"/>
    <flag hostile="1"/>
    <flag illusionable="1"/>
    <flag convinceable="1"/>
    <flag pushable="1"/>
    <flag canpushitems="0"/>
    <flag canpushcreatures="0"/>
    <flag targetdistance="1"/>
    <flag staticattack="90"/>
    <flag runonhealth="0"/>
  </flags>
  <attacks>
    <attack name="melee" interval="2000" skill="25" attack="15"/>
  </attacks>
  <defenses armor="5" defense="5"/>
  <immunities>
    <immunity physical="0"/>
    <immunity energy="0"/>
    <immunity fire="0"/>
    <immunity poison="1"/>
    <immunity lifedrain="0"/>
    <immunity paralyze="0"/>
    <immunity outfit="0"/>
    <immunity drunk="0"/>
    <immunity invisible="0"/>
  </immunities>
  <voices interval="5000" chance="10">
    <voice sentence="crab crab!"/>
  </voices>
  <loot>
    <item id="3976" countmax="10" chance1="50000" chancemax="0"/>
    <item id="2671" countmax="4" chance1="100000" chancemax="0"/>
    <item id="3976" countmax="10" chance1="50000" chancemax="0"/>
  </loot>
</monster>
